date,ticker,extracted_title,source_url,timestamp_et
2025-12-20,NVDA,"Nvidia's (NVDA) Long-Term AI Leadership Intact, Says Bernstein",https://finance.yahoo.com/news/nvidia-nvda-long-term-ai-090102747.html,2025-12-20 04:45:00-05:00
2025-12-20,NVDA,TVS Apache RTX 300 real world fuel economy tested and explained - Introduction,https://www.autocarindia.com:443/auto-features/tvs-apache-rtx-300-real-world-fuel-economy-tested-and-explained-439963,2025-12-20 03:45:00-05:00
2025-12-20,NVDA,"MSI Vector -  LCD 16"" QHD+ GeForce RTX 5080 Laptop GPU - Intel Core Ultra 9 275HX - 16GB Memory - 1 TB SSD - Windows 11 Home Gaming Laptop - 240 Hz (Vector 16 HX AI A2XWIG-050US )",https://www.newegg.com/msi-16-geforce-rtx-5080-laptop-gpu-intel-core-ultra-9-275hx-16gb-memory-1-tb-ssd/p/N82E16834156737?Item=N82E16834156737&cm_sp=Homepage_SS-_-P5_34-156-737-_-12192025,2025-12-20 03:15:00-05:00
2025-12-20,NVDA,Why This AI Stock Could Outperform Nvidia Over the Next 5 Years,https://www.fool.com/investing/2025/12/19/why-this-ai-stock-could-outperform-nvidia-over-the/,2025-12-19 21:45:00-05:00
2025-12-20,NVDA,Nvidia-Intel deal cleared by US antitrust agencies,https://www.thestar.com.my/tech/tech-news/2025/12/20/nvidia-intel-deal-cleared-by-us-antitrust-agencies,2025-12-19 19:45:00-05:00
2025-12-20,NVDA,"S&P 500 Dow Nasdaq today: Stock market today: S&P 500, Dow, Nasdaq rise as AI stocks rebound &#x2013; here's why Oracle, Nvidia, and Micron led gains",https://economictimes.indiatimes.com/news/international/us/stock-market-today-sp-500-dow-nasdaq-rise-as-ai-stocks-rebound-heres-why-oracle-nvidia-and-micron-led-gains/articleshow/126086857.cms,2025-12-19 19:30:00-05:00
2025-12-20,NVDA,"Amazon Goes Rogue on ASUS, TUF F16 Gaming Laptop With RTX 4050 Now Cheaper Than Basic Laptops",https://gizmodo.com/amazon-goes-rogue-on-asus-tuf-f16-gaming-laptop-with-rtx-4050-now-cheaper-than-basic-laptops-2000702008,2025-12-19 19:30:00-05:00
2025-12-20,NVDA,US launches review of advanced Nvidia chip sales to China,https://americanbazaaronline.com/2025/12/19/us-launches-review-of-advanced-nvidia-chip-sales-to-china-471937/,2025-12-19 22:15:00-05:00
2025-12-20,NVDA,"Rivian Cuts the Cord: Stock Surges as ""Autonomy Processor"" Signals a High-Stakes Break from Nvidia and a Push for Vertical Supremacy",https://www.torquenews.com/17995/rivian-cuts-cord-stock-surges-autonomy-processor-signals-high-stakes-break-nvidia-and-push,2025-12-19 20:30:00-05:00
2025-12-20,NVDA,TPG RE Finance Trust (NYSE:TRTX) Sees Strong Trading Volume  &#x2013; Should You Buy?,https://www.dailypolitical.com/2025/12/19/tpg-re-finance-trust-nysetrtx-sees-strong-trading-volume-should-you-buy.html,2025-12-19 21:00:00-05:00
2025-12-19,NVDA,CoLab joins Nvidia Inception Program to beef up AI capabilities for its engineering tools,https://betakit.com/colab-joins-nvidia-inception-program-to-beef-up-ai-capabilities-for-its-engineering-tools/,2025-12-18 16:00:00-05:00
2025-12-19,NVDA,Rumor: Nvidia to Cut GPU Production Amid RAM Crisis,https://gamerant.com/nvidia-cut-gpu-production-2026-ram-crisis/,2025-12-18 16:15:00-05:00
2025-12-19,NVDA,Nvidia doubles down on open-source AI with major acquisition and Nemotron 3 models for multi-agent workflows,https://www.techradar.com/pro/open-innovation-is-the-foundation-of-ai-progress-says-jensen-huang-as-nvidia-reveals-big-open-source-ai-push-major-acquisition-and-new-models-on-the-way,2025-12-18 17:15:00-05:00
2025-12-19,NVDA,"Lovable AI Startup Raises $330M, Valued at $6.6B with Nvidia Backing",https://www.webpronews.com/lovable-ai-startup-raises-330m-valued-at-6-6b-with-nvidia-backing/,2025-12-18 17:15:00-05:00
2025-12-19,NVDA,"Worthplaying | GeForce NOW Adds Free Hogwarts Legacy For A Limited Time, Fallout: New Vegas, Pioner And 3 Others This Week",https://worthplaying.com/article/2025/12/18/news/148531-geforce-now-adds-free-hogwarts-legacy-for-a-limited-time-fallout-new-vegas-pioner-and-3-others-this-week/,2025-12-18 17:30:00-05:00
2025-12-19,NVDA,"First Fortnite Nvidia GeForce RTX Cup begins December 21 with $100,000+ prize pool",https://timesofindia.indiatimes.com/technology/gaming/first-fortnite-nvidia-geforce-rtx-cup-begins-december-21-with-100000-prize-pool/articleshow/126063355.cms,2025-12-18 17:45:00-05:00
2025-12-19,NVDA,Nvidia doubles down on open-source AI to cement GPU dominance amid rivals' retreat,https://www.digitimes.com/news/a20251218PD203/nvidia-gpu-software-acquisition-hardware.html,2025-12-18 18:15:00-05:00
2025-12-19,NVDA,Everyone's Watching Nvidia &#x2014; But Meta's AI Payoff Is Harder To Ignore - Meta Platforms (NASDAQ:META),https://www.benzinga.com/markets/tech/25/12/49495009/everyones-watching-nvidia-but-metas-ai-payoff-is-harder-to-ignore,2025-12-18 18:30:00-05:00
2025-12-19,NVDA,"AI coding startup Lovable raises $330M round backed by Nvidia, other tech heavyweights",https://siliconangle.com/2025/12/18/ai-coding-startup-lovable-raises-330m-round-backed-nvidia-tech-heavyweights/,2025-12-18 18:30:00-05:00
2025-12-19,NVDA,TVS Apache RTX 300 Wins IMOTY 2026,https://www.overdrive.in/news-cars-auto/tvs-apache-rtx-300-wins-imoty-2026/,2025-12-18 18:45:00-05:00
2025-12-18,NVDA,"27,186 Shares in NVIDIA Corporation $NVDA Bought by Shorepoint Capital Partners LLC",https://www.themarketsdaily.com/2025/12/18/27186-shares-in-nvidia-corporation-nvda-bought-by-shorepoint-capital-partners-llc.html,2025-12-18 06:00:00-05:00
2025-12-18,NVDA,St. Louis Financial Planners Asset Management LLC Has $3.11 Million Stock Position in NVIDIA Corporation $NVDA,https://www.tickerreport.com/banking-finance/13295063/st-louis-financial-planners-asset-management-llc-has-3-11-million-stock-position-in-nvidia-corporation-nvda.html,2025-12-18 06:00:00-05:00
2025-12-18,NVDA,Summit Financial Wealth Advisors LLC Has $2.56 Million Holdings in NVIDIA Corporation $NVDA,https://www.tickerreport.com/banking-finance/13295062/summit-financial-wealth-advisors-llc-has-2-56-million-holdings-in-nvidia-corporation-nvda.html,2025-12-18 06:00:00-05:00
2025-12-18,NVDA,"Dow S&P 500 Nasdaq future rise: US stock futures surge today: Dow, S&P 500, Nasdaq turn green ahead of CPI inflation data - Micron revives Nvidia, Tesla",https://economictimes.indiatimes.com/news/international/us/us-stock-futures-surge-today-dow-sp-500-nasdaq-turn-green-ahead-of-cpi-inflation-data-micron-revives-nvidia-tesla-as-ai-demand-optimism-grows/articleshow/126055287.cms,2025-12-18 06:00:00-05:00
2025-12-18,NVDA,Trust Co of the South Grows Holdings in NVIDIA Corporation $NVDA,https://www.themarketsdaily.com/2025/12/18/trust-co-of-the-south-grows-holdings-in-nvidia-corporation-nvda.html,2025-12-18 06:00:00-05:00
2025-12-18,NVDA,Today's Cache | Google and Meta team up against Nvidia; Apple's alternative App Store in Japan; UK-US tech collaboration on shaky ground,https://www.thehindu.com/newsletter/newsletter-today-cache/todays-cache-google-and-meta-team-up-against-nvidia-apples-alternative-app-store-in-japan-uk-us-tech-collaboration-on-shaky-ground/article70410966.ece,2025-12-18 06:15:00-05:00
2025-12-18,NVDA,"AI-Invested Pension Holders Might Feel Wary as Nvidia Director Dumps $44M, Stoking AI Bubble Fears",https://www.ibtimes.co.uk/ai-invested-pension-holders-might-feel-wary-nvidia-director-dumps-44m-stoking-ai-bubble-fears-1763927,2025-12-18 06:15:00-05:00
2025-12-18,NVDA,"Nvidia Announces New Israeli Campus, Plans For 10,000 Employees",https://www.i24news.tv/en/news/israel/economy/artc-nvidia-announces-new-israeli-campus-plans-for-10-000-employees,2025-12-18 06:30:00-05:00
2025-12-18,NVDA,2 AI Announcements That Nvidia Investors Can't Miss,https://www.fool.com/investing/2025/12/18/2-ai-announcements-that-nvidia-investors-cant-miss/?source=iedfolrf0000001,2025-12-18 08:00:00-05:00
2025-12-18,NVDA,NVIDIA to Cut RTX 50 GPU Production by up to 40% in Early 2026 Amid Memory Shortages,https://www.eteknix.com/nvidia-to-cut-rtx-50-gpu-production-by-up-to-40-in-early-2026-amid-memory-shortages/,2025-12-18 08:30:00-05:00
2025-12-18,NVDA,ASUS PRIME GeForce RTX 5070 Ti 16GB GDDR7 OC Edition PCI Express 5.0 DLSS 4.0 Graphics Card PRIME-RTX5070TI-O16G,https://www.newegg.com/asus-prime-rtx5070ti-o16g-geforce-rtx-5070-ti-16gb-graphics-card-triple-fans/p/N82E16814126756?Item=N82E16814126756&cm_sp=Homepage_SS-_-P2_14-126-756-_-12182025,2025-12-18 07:45:00-05:00
2025-12-18,NVDA,MSI Gaming Desktop PC Aegis Z2 C8NVR-1655US AMD Ryzen 7 8700F 32GB DDR5 2TB NVMe SSD GeForce RTX 5070 Ti Windows 11 Home,https://www.newegg.com/msi-gaming-desktop-pc-geforce-rtx-5070-ti-amd-ryzen-7-8700f-32gb-ddr5-2tb-nvme-ssd-aegis-z2-a8nvr-1611us/p/N82E16883151781?Item=N82E16883151781&cm_sp=Homepage_SS-_-P1_83-151-781-_-12182025,2025-12-18 07:45:00-05:00
2025-12-18,NVDA,Cassava Technologies Deploys 12000 Nvidia GPUs at Africa Tech Festival 2025,https://www.newsghana.com.gh/cassava-technologies-deploys-12000-nvidia-gpus-at-africa-tech-festival-2025/,2025-12-18 05:30:00-05:00
2025-12-18,NVDA,Is It Too Late to Buy Nvidia Stock?,https://finance.yahoo.com/news/too-buy-nvidia-stock-221200230.html,2025-12-18 05:30:00-05:00
2025-12-18,NVDA,RTX Surges to Record Highs as Defense Orders Explode,https://finance.yahoo.com/news/rtx-surges-record-highs-defense-224200942.html,2025-12-18 05:45:00-05:00
2025-12-18,NVDA,Thurston Springer Miller Herd & Titak Inc. Cuts Stock Holdings in Vertex Pharmaceuticals Incorporated $VRTX,https://www.tickerreport.com/banking-finance/13295129/thurston-springer-miller-herd-titak-inc-cuts-stock-holdings-in-vertex-pharmaceuticals-incorporated-vrtx.html,2025-12-18 06:45:00-05:00
2025-12-18,NVDA,"Nilsine Partners LLC Buys 5,043 Shares of NVIDIA Corporation $NVDA",https://www.tickerreport.com/banking-finance/13295127/nilsine-partners-llc-buys-5043-shares-of-nvidia-corporation-nvda.html,2025-12-18 06:45:00-05:00
2025-12-18,NVDA,"Thurston Springer Miller Herd & Titak Inc. Sells 2,487 Shares of Vertex Pharmaceuticals Incorporated $VRTX",https://www.dailypolitical.com/2025/12/18/thurston-springer-miller-herd-titak-inc-sells-2487-shares-of-vertex-pharmaceuticals-incorporated-vrtx.html,2025-12-18 06:45:00-05:00
2025-12-18,NVDA,Queen's University recruits Ian Karlin from Nvidia in bid to build Canadian supercomputer,https://betakit.com/queens-university-recruits-ian-karlin-from-nvidia-in-bid-to-build-canadian-supercomputer/,2025-12-18 06:45:00-05:00
2025-12-20,NVDA,RTX radar selected to support autonomous X 62A fighter testing,https://www.spacewar.com/reports/RTX_radar_selected_to_support_autonomous_X_62A_fighter_testing_999.html,2025-12-20 11:30:00-05:00
2025-12-20,NVDA,GeForce NOW Adds Fallout: New Vegas To Its Catalog,https://www.ubergizmo.com/2025/12/geforce-now-fallout-new-vegas/,2025-12-20 11:45:00-05:00
2025-12-20,NVDA,Massive Catalyst: Nvidia Could Surge 75 Percent in 2026,https://www.fool.com/investing/2025/12/20/massive-catalyst-nvidia-could-surge-75-percent-in/?source=iedfolrf0000001,2025-12-20 11:45:00-05:00
2025-12-20,NVDA,NVIDIA Corporation $NVDA is Assenagon Asset Management S.A.'s 3rd Largest Position,https://www.defenseworld.net/2025/12/20/nvidia-corporation-nvda-is-assenagon-asset-management-s-a-s-3rd-largest-position.html,2025-12-20 10:15:00-05:00
2025-12-19,NVDA,GeForce graphics cards: Nvidia to massively reduce GPU production,https://www.heise.de/en/news/GeForce-graphics-cards-Nvidia-to-massively-reduce-GPU-production-11118827.html,2025-12-19 03:00:00-05:00
2025-12-19,NVDA,Nvidia Leads Chip Rally After Micron Backs AI Investment Cycle,https://finance.yahoo.com/news/why-nvidia-stock-rising-today-160826749.html,2025-12-19 03:00:00-05:00
2025-12-19,NVDA,"Maruti Suzuki Victoris wins ICOTY 2026, TVS Apache RTX wins IMOTY: All details here",https://auto.economictimes.indiatimes.com/news/industry/maruti-suzuki-victoris-wins-icoty-2026-tvs-apache-rtx-wins-imoty-all-details-here/126072621,2025-12-19 03:00:00-05:00
2025-12-19,NVDA,SK Hynix reportedly to open new office in Seattle area to deepen ties with Nvidia and major tech firms,https://www.digitimes.com/news/a20251219PD202/sk-hynix-nvidia-amazon-microsoft-region.html,2025-12-19 02:15:00-05:00
2025-12-19,NVDA,Billionaire Philippe Laffont Is Selling Nvidia and Buying This Other Magnificent Chip Stock Instead,https://www.fool.com/investing/2025/12/19/billionaire-philippe-laffont-is-selling-nvidia-and/,2025-12-19 03:15:00-05:00
2025-12-19,NVDA,RTX's Raytheon awarded $168 million contract for Romanian Patriot air defense equipment,https://www.marketscreener.com/news/rtx-s-raytheon-awarded-168-million-contract-for-romanian-patriot-air-defense-equipment-ce7d50dddb8af120,2025-12-19 03:30:00-05:00
2025-12-19,NVDA,Nvidia's AI chip exports to China under US scrutiny: Here's why,https://www.thenews.com.pk/latest/1385407-nvidias-ai-chip-exports-to-china-under-us-scrutiny-heres-why,2025-12-19 05:00:00-05:00
2025-12-19,NVDA,US launches review of Nvidia's H200 chip sales to China: sources,https://www.scmp.com/tech/tech-war/article/3337039/us-launches-review-nvidias-h200-chip-sales-china-sources,2025-12-19 03:45:00-05:00
2025-12-19,NVDA,Chinese scientists unveil chip 100 times faster than Nvidia,https://chinaeconomicreview.com/chinese-scientists-unveil-chip-100-times-faster-than-nvidia/,2025-12-19 04:00:00-05:00
2025-12-18,NVDA,Billionaire Investor Adds To Nvidia Position As AI Conviction Builds,https://finance.yahoo.com/news/billionaire-investor-adds-nvidia-position-033107537.html,2025-12-17 23:00:00-05:00
2025-12-18,NVDA,Why China isn't rushing to buy Nvidia's H200 AI chip,https://www.businesstimes.com.sg/international/global/why-china-isnt-rushing-buy-nvidias-h200-ai-chip,2025-12-18 00:00:00-05:00
2025-12-18,NVDA,Jensen Huang: Israel has become Nvidia's second home,https://en.globes.co.il/en/article-jensen-huang-israel-has-become-nvidias-second-home-1001529537,2025-12-17 23:15:00-05:00
2025-12-18,NVDA,Google works to erode Nvidia's software advantage with Meta's help,https://www.thehindu.com/sci-tech/technology/google-works-to-erode-nvidias-software-advantage-with-metas-help/article70409936.ece,2025-12-17 23:30:00-05:00
2025-12-18,NVDA,"MSI CROSSHAIR A16 16"" QHD+ 240Hz AMD&#xAE; Ryzen&#x2122; 9-8940HX RTX 5060 32GBDR5 1TB NVMe SSD Win 11 Gaming Laptop D8WFKG-015US",https://www.newegg.com/msi-crosshair-a16-hx-16-0-geforce-rtx-5060-laptop-gpu-2-4-5-3ghz-qhd-32gb-memory-1tb-nvme-ssd-gen4x4-ssd/p/N82E16834156876?Item=N82E16834156876&cm_sp=Homepage_SS-_-P5_34-156-876-_-12172025,2025-12-17 23:30:00-05:00
2025-12-18,NVDA,YEYIAN Gaming Desktop PC Vault Intel Core i7-14700F 32GB DDR5 1TB PCIe SSD GeForce RTX 5060 Windows 11 Home -  YPI-VA47F0C-5601N,https://www.newegg.com/yeyian-gaming-desktop-pc-geforce-rtx-5060-intel-core-i7-14700f-32gb-ddr5-1tb-pcie-ssd-ypi-va47f0c-5601n/p/N82E16883630100?Item=N82E16883630100&cm_sp=Homepage_SS-_-P3_83-630-100-_-12172025,2025-12-17 23:30:00-05:00
2025-12-19,NVDA,NVIDIA (NASDAQ:NVDA) Trading 1.9% Higher   &#x2013; Here's What Happened,https://www.dailypolitical.com/2025/12/18/nvidia-nasdaqnvda-trading-1-9-higher-heres-what-happened.html,2025-12-18 19:00:00-05:00
2025-12-19,NVDA,"The iBuypower Y40 Pro GeForce RTX 5080 Gaming PC Drops to $1,950, Matches Black Friday Deal",https://www.ign.com/articles/ibuypower-y40-pro-rtx-5080-gaming-pc-deal-christmas-sale,2025-12-18 19:00:00-05:00
2025-12-19,NVDA,Chinese team builds optical chip AI that is 100 times faster than Nvidia's market leader,https://www.scmp.com/news/china/science/article/3336918/chinese-team-builds-optical-chip-ai-100-times-faster-nvidias-market-leader,2025-12-18 20:15:00-05:00
2025-12-19,NVDA,NVIDIA Adds Ray Tracing and DLSS 4 to Popular Games for the Holidays,https://hardcoregamer.com/nvidia-brings-ray-tracing-to-dying-light-the-beast/,2025-12-18 20:15:00-05:00
2025-12-19,NVDA,"US launches review of advanced Nvidia AI chip sales to China, sources say",https://www.marketscreener.com/news/us-launches-review-of-advanced-nvidia-ai-chip-sales-to-china-sources-say-ce7d50ddd988ff2d,2025-12-18 21:00:00-05:00
2025-12-19,NVDA,Process and Control Today | FANUC & NVIDIA forge new era of physical AI for industrial robotics,https://www.pandct.com/news/fanuc-nvidia-forge-new-era-of-physical-ai-for-industrial-robotics,2025-12-18 21:15:00-05:00
2025-12-19,NVDA,'Dukes of Hazzard' star visits Luray | Nvdaily,https://www.nvdaily.com/nvdaily/dukes-of-hazzard-star-visits-luray/article_6eb733ef-af2b-5fbf-9459-cad05343117d.html,2025-12-18 23:45:00-05:00
2025-12-19,NVDA,Google Enlists Meta To Cut Nvidia Reliance,https://finance.yahoo.com/news/google-enlists-meta-cut-nvidia-043107757.html,2025-12-19 00:00:00-05:00
2025-12-19,NVDA,Rep. Julie Johnson Sells RTX Corporation (NYSE:RTX) Shares,https://www.tickerreport.com/banking-finance/13295847/rep-julie-johnson-sells-rtx-corporation-nysertx-shares.html,2025-12-19 00:15:00-05:00
2025-12-19,NVDA,"Trump Administration Reviews Nvidia H200 Chip Sales to China, Marking Major Shift in U.S. AI Export Policy",http://www.econotimes.com/Trump-Administration-Reviews-Nvidia-H200-Chip-Sales-to-China-Marking-Major-Shift-in-US-AI-Export-Policy-1729140,2025-12-19 00:15:00-05:00
2025-12-19,NVDA,Trump admin reviews Nvidia AI chip sales to China - Trump backs chip sales to China,https://investinglive.com:443/stock-market-update/trump-admin-reviews-nvidia-ai-chip-sales-to-china-trump-backs-chip-sales-to-china-20251219/,2025-12-19 00:15:00-05:00
2025-12-19,NVDA,US launches review of advanced Nvidia AI chip sales to China: sources,https://www.businesstimes.com.sg/international/global/us-launches-review-advanced-nvidia-ai-chip-sales-china-sources,2025-12-19 01:00:00-05:00
2025-12-19,NVDA,"U.S. launches review of advanced Nvidia AI chip sales to China, sources say",https://www.thehindu.com/sci-tech/technology/us-launches-review-of-advanced-nvidia-ai-chip-sales-to-china-sources-say/article70414321.ece,2025-12-19 01:15:00-05:00
2025-12-19,NVDA,"S&P 500 Rallies On Cool CPI Inflation Report As Nvidia, Palantir, Tesla Bounce",https://www.investors.com:443/market-trend/the-big-picture/sp500-cpi-inflation-report-nvidia-palantir-tesla/,2025-12-18 22:30:00-05:00
2025-12-19,NVDA,Samsung to supply SOCAMM2 LPDDR modules to Nvidia,https://www.digitimes.com/news/a20251219VL208/samsung-nvidia-ai-server-hbm-efficiency.html,2025-12-18 22:30:00-05:00
2025-12-19,NVDA,China to get Nvidia H200 chips! Trump admin begins licensing process for exports &#x2014; Why are officials not happy?,https://timesofindia.indiatimes.com/business/international-business/china-to-get-nvidia-h200-chips-trump-admin-begins-licensing-process-for-exports-why-are-officials-not-happy/articleshow/126068249.cms,2025-12-18 23:00:00-05:00
2025-12-19,NVDA,NVIDIA Vice President Rev Lebaredian Joins TUMO Board of Directors &#x2022; MassisPost,https://massispost.com/2025/12/nvidia-vice-president-rev-lebaredian-joins-tumo-board-of-directors/,2025-12-18 23:00:00-05:00
2025-12-19,NVDA,NZ-AU: IREN Purchases 4.2k NVIDIA Blackwell GPUs & Secures Financing &#x2013; AI Cloud Expanded to 8.5k GPUs,https://livenews.co.nz/2025/12/19/nz-au-iren-purchases-4-2k-nvidia-blackwell-gpus-secures-financing-ai-cloud-expanded-to-8-5k-gpus-2/,2025-12-18 23:00:00-05:00
2025-12-19,NVDA,U.S. launches review of advanced Nvidia AI chip sales to China: Reuters,https://www.cnbc.com/2025/12/19/us-launches-review-of-advanced-nvidia-ai-chip-sales-to-china-reuters.html,2025-12-18 23:00:00-05:00
2025-12-19,NVDA,Trump Administration Reviews Possible Approval of Nvidia AI Chip Shipments to China,https://slguardian.org/trump-administration-reviews-possible-approval-of-nvidia-ai-chip-shipments-to-china/,2025-12-18 23:15:00-05:00
2025-12-18,NVDA,Grab a punchy RTX 5060 Ti-powered iBuypower gaming PC for less than $900 &#x2014; it even packs 32GB of DDR5 RGB RAM and an 8-core Ryzen processor,https://www.tomshardware.com/desktops/gaming-pcs/grab-a-punchy-rtx-5060-ti-powered-ibuypower-gaming-pc-for-less-than-usd900-it-even-packs-32gb-of-ddr5-rgb-ram-and-an-8-core-ryzen-processor,2025-12-18 08:45:00-05:00
2025-12-18,NVDA,Osprey Private Wealth LLC Grows Stock Position in RTX Corporation $RTX,https://www.themarketsdaily.com/2025/12/18/osprey-private-wealth-llc-grows-stock-position-in-rtx-corporation-rtx.html,2025-12-18 09:15:00-05:00
2025-12-18,NVDA,"South Korea Allocates 10,000 Nvidia GPUs to SMEs and AI Projects",https://www.newkerala.com/news/o/korea-allocate-10000-nvidia-gpus-smes-startups-ai-projects-127,2025-12-18 10:15:00-05:00
2025-12-18,NVDA,"How To Trade SPY, QQQ, AAPL, MSFT, NVDA, GOOGL, META, TSLA Using Technical Analysis",https://www.benzinga.com/Opinion/25/12/49479728/how-to-trade-spy-qqq-aapl-msft-nvda-googl-meta-tsla-using-technical-analysis-11,2025-12-18 10:15:00-05:00
2025-12-18,NVDA,FinancialContent - Tech Titans Ascendant: Nvidia and Tesla Spearhead Year-End Market Surge,https://markets.financialcontent.com/stocks/article/marketminute-2025-12-18-tech-titans-ascendant-nvidia-and-tesla-spearhead-year-end-market-surge,2025-12-18 10:30:00-05:00
2025-12-18,NVDA,Virtualizing NVidia HGX B200 GPUs with Open Source,https://www.ubicloud.com/blog/virtualizing-nvidia-hgx-b200-gpus-with-open-source,2025-12-18 10:45:00-05:00
2025-12-18,NVDA,"Google, Nvidia's VC units back Lovable's $330M funding round at $6.6B valuation",https://seekingalpha.com/news/4532943-google-nvidias-vc-units-back-lovables-330m-funding-round-at-66b-valuation,2025-12-18 11:30:00-05:00
2025-12-18,NVDA,"Nvidia to build $1.5B AI campus in Israel, calls it ""second home"" &#x2013; Middle East Monitor",https://www.middleeastmonitor.com/20251218-nvidia-to-build-1-5b-ai-campus-in-israel-calls-it-second-home/,2025-12-18 11:30:00-05:00
2025-12-18,NVDA,"Intel Reportedly Draws Interest From AMD and NVIDIA in Its 14A Process for Server Offerings, as External Customers Start to Line Up",https://wccftech.com/intel-is-now-reported-to-have-secured-amd-and-nvidia-as-14a-customers/,2025-12-18 11:45:00-05:00
2025-12-18,NVDA,Intel Arc B580 Outsells Radeon RX 9070 and RTX 5060 Ti 8 GB Cards at Mindfactory; Intel Arc Shines for the First Time,https://wccftech.com/intel-arc-b580-outsells-radeon-rx-9070-and-rtx-5060-ti-8-gb-cards-at-mindfactory/,2025-12-18 11:45:00-05:00
2025-12-18,NVDA,"Yakuza Kiwami 2, Splitgate: Arena Reloaded, and ARK: Lost Colony Get DLSS 4 Support, New GeForce Driver Released",https://wccftech.com/nvidia-dlss-4-support-yakuza-kiwami-2-splitgate-arena-reloaded-ark-lost-colony/,2025-12-18 11:45:00-05:00
2025-12-18,NVDA,"NVIDIA's RTX PRO 5000 Blackwell GPU Gets Big Memory Upgrade, Now Packs 72 GB For AI & Pro Workloads, 50% More VRAM Capacity",https://wccftech.com/nvidia-rtx-pro-5000-blackwell-gpu-big-memory-upgrade-packs-72-gb/,2025-12-18 11:45:00-05:00
2025-12-18,NVDA,ASUS NVIDIA GeForce RTX 5080 TUF Gaming Overclocked Triple Fan 16GB GDDR7 PCIe 5.0 Graphics Card,https://www.microcenter.com/product/689736/asus-nvidia-geforce-rtx-5080-tuf-gaming-overclocked-triple-fan-16gb-gddr7-pcie-50-graphics-card,2025-12-18 11:45:00-05:00
2025-12-18,NVDA,"Bechtel to Modularize NVIDIA's AI-Factory Blueprint for Faster, Repeatable Builds &#x2013; Industry Tap",https://www.industrytap.com/bechtel-nvidia-ai-factory-modular-builds/79048,2025-12-18 12:00:00-05:00
2025-12-18,NVDA,"Google, meta team up on ""torchtpu"" as nvidia faces $5 trillion market test",https://www.domain-b.com/technology/artificial-intelligence/google-meta-team-up-on-torchtpu-as-nvidia-faces-5-trillion-market-test,2025-12-18 09:45:00-05:00
2025-12-19,NVDA,Nvidia has rarely been cheaper the last 10 years. Bernstein says buy it for 2026,https://www.cnbc.com/2025/12/19/nvidia-has-rarely-been-cheaper-the-last-10-years-bernstein-says-buy-it-for-2026.html,2025-12-19 10:45:00-05:00
2025-12-19,NVDA,"Dow jumps nearly 300 points as Nasdaq S&P 500 rally: US stock market gaining massively today: Nasdaq, Dow, S&P 500 jump - Nvidia, Oracle lift tech stocks",https://economictimes.indiatimes.com/news/international/us/us-stock-market-gaining-massively-today-nasdaq-dow-sp-500-jump-nvidia-oracle-lift-tech-stocks/articleshow/126079902.cms,2025-12-19 11:00:00-05:00
2025-12-19,NVDA,"How To Trade SPY, QQQ, AAPL, MSFT, NVDA, GOOGL, META, TSLA Using Technical Analysis",https://www.benzinga.com/Opinion/25/12/49508612/how-to-trade-spy-qqq-aapl-msft-nvda-googl-meta-tsla-using-technical-analysis-12,2025-12-19 11:00:00-05:00
2025-12-19,NVDA,FinancialContent - The Great Rebalancing: Nvidia's $4.5 Trillion Shadow and the 2025 Pivot to Main Street,https://markets.financialcontent.com/stocks/article/marketminute-2025-12-19-the-great-rebalancing-nvidias-45-trillion-shadow-and-the-2025-pivot-to-main-street,2025-12-19 11:00:00-05:00
2025-12-19,NVDA,Nvidia opens Nemotron 3 models for agentic AI,https://thearabianpost.com/nvidia-opens-nemotron-3-models-for-agentic-ai/,2025-12-19 10:15:00-05:00
2025-12-19,NVDA,Baystreet.ca - U.S. To Review Nvidia's A.I. Chip Sales To China,http://baystreet.ca/techinsider/5345/US-To-Review-Nvidias-AI-Chip-Sales-To-China,2025-12-19 10:30:00-05:00
2025-12-19,NVDA,Nvidia declares huge campus project in 'second home' Israel | JNS,https://www.clevelandjewishnews.com/jns/nvidia-declares-huge-campus-project-in-second-home-israel/article_af3293d4-7513-5d38-a999-61b9fd1db48a.html,2025-12-19 09:15:00-05:00
2025-12-19,NVDA,Voya Investment Management LLC Has $168.85 Million Holdings in Vertex Pharmaceuticals Incorporated $VRTX,https://www.themarketsdaily.com/2025/12/19/voya-investment-management-llc-has-168-85-million-holdings-in-vertex-pharmaceuticals-incorporated-vrtx.html,2025-12-19 09:15:00-05:00
2025-12-19,NVDA,Buying an Nvidia RTX graphics card could be a headache in 2026,https://www.trustedreviews.com/news/buying-nvidia-rtx-graphics-card-could-be-headache-in-2026,2025-12-19 09:15:00-05:00
2025-12-19,NVDA,"Friday stocks from analyst calls include Nvidia, Oracle, Apple, Nike",https://www.cnbc.com/2025/12/19/friday-stocks-from-analyst-calls-include-nvidia-oracle-apple-nike.html,2025-12-19 09:15:00-05:00
2025-12-19,NVDA,UBS Asserts Buy Stance on NVIDIA Corporation (NVDA) Despite China H200 Chips Demand Concerns,https://finance.yahoo.com/news/ubs-asserts-buy-stance-nvidia-061501634.html,2025-12-19 09:30:00-05:00
2025-12-19,NVDA,Nvidia plans deep cuts to GeForce output as memory dries up,https://www.fudzilla.com/news/62249-nvidia-plans-deep-cuts-to-geforce-output-as-memory-dries-up,2025-12-19 09:30:00-05:00
2025-12-19,NVDA,TikTok reaches new US deal; China's answer to Nvidia's A100: SCMP daily highlights,https://www.scmp.com/news/china/article/3337106/tiktok-reaches-new-us-deal-chinas-answer-nvidias-a100-scmp-daily-highlights,2025-12-19 09:45:00-05:00
2025-12-19,NVDA,China's Sugon unveils new AI infrastructure to rival platforms from Nvidia and Huawei,https://www.scmp.com/tech/tech-trends/article/3337126/chinas-sugon-unveils-new-ai-infrastructure-rival-platforms-nvidia-and-huawei,2025-12-19 09:45:00-05:00
2025-12-19,NVDA,Nvidia Vs. Alphabet: Which Could Be The World's Biggest Company By End-2026?,https://finance.yahoo.com/news/nvidia-vs-alphabet-could-worlds-140119294.html,2025-12-19 09:45:00-05:00
2025-12-19,NVDA,Why Nvidia Is Planning a Major Cut to Gaming GPU Production Next Year,https://techstory.in/why-nvidia-is-planning-a-major-cut-to-gaming-gpu-production-next-year/,2025-12-19 09:45:00-05:00
2025-12-19,NVDA,RTX (NYSE:RTX) Price Target Raised to $200.00,https://www.dailypolitical.com/2025/12/19/rtx-nysertx-price-target-raised-to-200-00.html,2025-12-19 11:45:00-05:00
2025-12-19,NVDA,"""The Biggest Threat to NVIDIA's AI Dominance Is Google,"" Says the Author of Jensen Huang's Biography, Claiming Fear of Failure Fuels Team Green's CEO",https://wccftech.com/the-biggest-threat-to-nvidia-ai-dominance-is-google/,2025-12-19 11:45:00-05:00
2025-12-19,NVDA,Save $500 on this RTX 5070 configuration of one of our favorite gaming PCs,https://www.gamesradar.com/hardware/desktop-pc/save-usd500-on-this-rtx-5070-configuration-of-one-of-our-favorite-gaming-pcs/,2025-12-19 08:45:00-05:00
2025-12-19,NVDA,NVIDIA (NVDA) Evaluates Adding Production Capacity for Powerful H200 AI Chips,https://finance.yahoo.com/news/nvidia-nvda-evaluates-adding-production-053937117.html,2025-12-19 08:45:00-05:00
2025-12-19,NVDA,"Voya Investment Management LLC Buys 170,867 Shares of RTX Corporation $RTX",https://www.themarketsdaily.com/2025/12/19/voya-investment-management-llc-buys-170867-shares-of-rtx-corporation-rtx.html,2025-12-19 09:00:00-05:00
2025-12-20,NVDA,Redhawk Wealth Advisors Inc. Trims Holdings in Vertex Pharmaceuticals Incorporated $VRTX,https://www.themarketsdaily.com/2025/12/20/redhawk-wealth-advisors-inc-trims-holdings-in-vertex-pharmaceuticals-incorporated-vrtx.html,2025-12-20 07:15:00-05:00
2025-12-20,NVDA,Princeton Global Asset Management LLC Cuts Stock Position in Vertex Pharmaceuticals Incorporated $VRTX,https://www.dailypolitical.com/2025/12/20/princeton-global-asset-management-llc-cuts-stock-position-in-vertex-pharmaceuticals-incorporated-vrtx.html,2025-12-20 07:15:00-05:00
2025-12-20,NVDA,Alphabet Inc. (GOOGL) and Meta Working Together To Challenge Nvidia's Market Dominance: Report,https://www.insidermonkey.com/blog/alphabet-inc-googl-and-meta-working-together-to-challenge-nvidias-market-dominance-report-1663032/,2025-12-20 07:15:00-05:00
2025-12-20,NVDA,Is NVIDIA Corporation (NVDA) the Best S&P 500 Stock to Buy Now?,https://www.insidermonkey.com/blog/is-nvidia-corporation-nvda-the-best-sp-500-stock-to-buy-now-1663030/,2025-12-20 07:15:00-05:00
2025-12-20,NVDA,Testing 8 Solder Flux Pastes After Flux Killed A GeForce2 GTS,https://hackaday.com/2025/12/20/testing-8-solder-flux-pastes-after-flux-killed-a-geforce2-gts/,2025-12-20 07:30:00-05:00
2025-12-20,NVDA,"Asus Goes Rogue on RTX 5070 OC Edition, Now Selling GPU for Cheaper Than Previous Model",https://gizmodo.com/asus-goes-rogue-on-rtx-5070-oc-edition-now-selling-gpu-for-cheaper-than-previous-model-2000702186,2025-12-20 07:45:00-05:00
2025-12-20,NVDA,Intel Arc B580 Surpasses RX 9070 and RTX 5060 Ti in Sales for the First Time,https://www.eteknix.com/intel-arc-b580-surpasses-rx-9070-and-rtx-5060-ti-in-sales-for-the-first-time/,2025-12-20 07:45:00-05:00
2025-12-20,NVDA,GuoLine Advisory Pte Ltd Takes $28.90 Million Position in NVIDIA Corporation $NVDA,https://www.tickerreport.com/banking-finance/13297295/guoline-advisory-pte-ltd-takes-28-90-million-position-in-nvidia-corporation-nvda.html,2025-12-20 07:45:00-05:00
2025-12-20,NVDA,NVIDIA Corporation $NVDA Holdings Reduced by Graphene Investments SAS,https://www.tickerreport.com/banking-finance/13297296/nvidia-corporation-nvda-holdings-reduced-by-graphene-investments-sas.html,2025-12-20 07:45:00-05:00
2025-12-20,NVDA,NVIDIA Corporation $NVDA Position Boosted by Grant Private Wealth Management Inc,https://www.tickerreport.com/banking-finance/13297297/nvidia-corporation-nvda-position-boosted-by-grant-private-wealth-management-inc.html,2025-12-20 07:45:00-05:00
2025-12-20,NVDA,NVIDIA Corporation $NVDA Stake Increased by Grant Private Wealth Management Inc,https://www.dailypolitical.com/2025/12/20/nvidia-corporation-nvda-stake-increased-by-grant-private-wealth-management-inc.html,2025-12-20 07:45:00-05:00
2025-12-20,NVDA,GuoLine Advisory Pte Ltd Invests $28.90 Million in NVIDIA Corporation $NVDA,https://www.dailypolitical.com/2025/12/20/guoline-advisory-pte-ltd-invests-28-90-million-in-nvidia-corporation-nvda.html,2025-12-20 07:45:00-05:00
2025-12-20,NVDA,NVIDIA Corporation $NVDA is Graphene Investments SAS's 4th Largest Position,https://www.dailypolitical.com/2025/12/20/nvidia-corporation-nvda-is-graphene-investments-sass-4th-largest-position.html,2025-12-20 07:45:00-05:00
2025-12-20,NVDA,NVIDIA Corporation $NVDA Shares Sold by Thurston Springer Miller Herd & Titak Inc.,https://www.themarketsdaily.com/2025/12/20/nvidia-corporation-nvda-shares-sold-by-thurston-springer-miller-herd-titak-inc.html,2025-12-20 07:45:00-05:00
2025-12-20,NVDA,Walmart's Black Friday-beating gaming laptop deals feature up to $650 off the latest RTX 5000 series machines,https://www.techradar.com/computing/gaming-laptops/walmarts-black-friday-beating-gaming-laptop-deals-feature-up-to-usd650-off-the-latest-rtx-5000-series-machines,2025-12-20 07:45:00-05:00
2025-12-20,NVDA,Destiny Wealth Partners LLC Increases Stake in NVIDIA Corporation $NVDA,https://www.defenseworld.net/2025/12/20/destiny-wealth-partners-llc-increases-stake-in-nvidia-corporation-nvda.html,2025-12-20 06:00:00-05:00
2025-12-20,NVDA,NVIDIA Corporation $NVDA Shares Bought by EWG Elevate Inc.,https://www.defenseworld.net/2025/12/20/nvidia-corporation-nvda-shares-bought-by-ewg-elevate-inc.html,2025-12-20 06:00:00-05:00
2025-12-20,NVDA,NVIDIA Corporation $NVDA Shares Purchased by Canandaigua National Bank & Trust Co.,https://www.defenseworld.net/2025/12/20/nvidia-corporation-nvda-shares-purchased-by-canandaigua-national-bank-trust-co.html,2025-12-20 06:00:00-05:00
2025-12-20,NVDA,"Canandaigua National Trust Co of Florida Sells 2,814 Shares of NVIDIA Corporation $NVDA",https://www.defenseworld.net/2025/12/20/canandaigua-national-trust-co-of-florida-sells-2814-shares-of-nvidia-corporation-nvda.html,2025-12-20 06:00:00-05:00
2025-12-20,NVDA,Ex-Nvidia billionaire unveils new AI chips after China IPO debut,https://www.moneycontrol.com/news/business/ex-nvidia-billionaire-unveils-new-ai-chips-after-china-ipo-debut-13735142.html,2025-12-20 08:30:00-05:00
2025-12-20,NVDA,"Savvy PC builder finds GeForce GTX 1660 Super for just $8.40 at thrift store &#x2014; Goodwill purchase comes with 6GB of VRAM for 1080p gaming, still sells for up to $100",https://www.tomshardware.com/pc-components/gpus/savvy-pc-builder-finds-geforce-gtx-1660-super-for-just-usd8-40-at-thrift-store-goodwill-purchase-comes-with-6gb-of-vram-for-1080p-gaming-still-sells-for-up-to-usd100,2025-12-20 08:30:00-05:00
2025-12-18,NVDA,DLSS arrives in several new titles this week alongside new Nvidia graphics driver,https://www.kitguru.net/components/graphic-cards/matthew-wilson/dlss-arrives-in-several-new-titles-this-week-alongside-new-nvidia-graphics-driver/,2025-12-18 14:30:00-05:00
2025-12-18,NVDA,"GeForce Now adds Fallout New Vegas, For the King 2 and more",https://www.kitguru.net/gaming/matthew-wilson/geforce-now-adds-fallout-new-vegas-for-the-king-2-and-more/,2025-12-18 14:30:00-05:00
2025-12-18,NVDA,"Hedge Fund and Insider Trading News: Bill Ackman, Warren Buffett, Steve Cohen, Citadel Investment Group, Elliott Management, Altai Capital, Elanco Animal Health Inc (ELAN), NVIDIA Corp (NVDA), and More",https://www.insidermonkey.com/blog/hedge-fund-and-insider-trading-news-bill-ackman-warren-buffett-steve-cohen-citadel-investment-group-elliott-management-altai-capital-elanco-animal-health-inc-elan-nvidia-corp-nvda-and-mor-1662365/,2025-12-18 14:45:00-05:00
2025-12-18,NVDA,Nvidia and other chip stocks rise - but the AI trade may not be back for good,https://www.morningstar.com/news/marketwatch/20251218249/nvidia-and-other-chip-stocks-rise-but-the-ai-trade-may-not-be-back-for-good,2025-12-18 14:45:00-05:00
2025-12-18,NVDA,The race to break Nvidia's AI dominance is heating up fast as Big Tech aims to dethrone the leader &#x2013; Firstpost,https://www.firstpost.com/tech/the-race-to-break-nvidias-ai-dominance-is-heating-up-fast-as-big-tech-aims-to-dethrone-the-leader-ws-e-13961098.html,2025-12-18 15:00:00-05:00
2025-12-18,NVDA,NVDA and Tech Stocks rebound again after CPI miss &#x2013;&#xA0;US Index Outlook,https://www.marketpulse.com/markets/nvda-and-tech-stocks-rebound-again-after-cpi-miss-us-index-outlook/,2025-12-18 15:15:00-05:00
2025-12-18,NVDA,FinancialContent - The Nvidia Gravity: How a Single Silicon Giant is Dictating the Pulse of the Global Market,https://markets.financialcontent.com/stocks/article/marketminute-2025-12-18-the-nvidia-gravity-how-a-single-silicon-giant-is-dictating-the-pulse-of-the-global-market,2025-12-18 12:30:00-05:00
2025-12-18,NVDA,Cameroon grants CFA9bn subsidy to boost Semry and Unvda rice output in 2026,https://www.businessincameroon.com/public-management/1812-15525-cameroon-grants-cfa9bn-subsidy-to-boost-semry-and-unvda-rice-output-in-2026,2025-12-18 12:45:00-05:00
2025-12-18,NVDA,"Worthplaying | NVIDIA Rolls Out New GeForce Game Ready Driver, Brings DLSS 4 To ARK: Lost Colony, Splitgate, Ashes of Creation And More",https://worthplaying.com/article/2025/12/18/news/148526-nvidia-rolls-out-new-geforce-game-ready-driver-brings-dlss-4-to-ark-lost-colony-splitgate-ashes-of-creation-and-more/,2025-12-18 12:45:00-05:00
2025-12-18,NVDA,"Huawei's AI chip capabilities still pale in comparison to American silicon &#x2014; report from U.S. council details that despite fears, Nvidia continues to lead by a wide margin",https://www.tomshardware.com/tech-industry/semiconductors/huawei-still-cant-match-nvidia-on-ai-chips-says-cfr-report,2025-12-18 13:45:00-05:00
2025-12-18,NVDA,NVIDIA 590.48.01 Linux Driver Brings R590 Series To Stable,https://www.phoronix.com/news/NVIDIA-590.48.01-Linux,2025-12-18 13:45:00-05:00
2025-12-18,NVDA,AMD Radeon RX 9000 Series vs. NVIDIA GeForce RTX 50 Open-Source Linux Performance For 2025,https://www.phoronix.com/review/nvk-nvidia-radeon-eoy2025,2025-12-18 13:45:00-05:00
2025-12-18,NVDA,"Nvidia GeForce Game Ready Driver 591.59 WHQL adds DLSS4 for   Ark: Lost Colony, Ashes of Creation, Splitgate: Arena Reloaded, and Yakuza Kiwami 2",https://timesofindia.indiatimes.com/technology/gaming/nvidia-geforce-game-ready-driver-591-59-whql-adds-dlss4-for-ark-lost-colony-ashes-of-creation-splitgate-arena-reloaded-and-yakuza-kiwami-2/articleshow/126063251.cms,2025-12-18 14:00:00-05:00
2025-12-18,NVDA,Nvidia to Cut RTX 50-Series GPU Production 40% in 2026 Over GDDR7 Shortages,https://www.webpronews.com/nvidia-to-cut-rtx-50-series-gpu-production-40-in-2026-over-gddr7-shortages/,2025-12-18 14:00:00-05:00
2025-12-18,NVDA,Nvidia Stock Gains Traction As Chip Stocks Rally Following Blowout Results From Micron - NVIDIA (NASDAQ:NVDA),https://www.benzinga.com/trading-ideas/movers/25/12/49487879/nvidia-stock-gains-traction-as-chip-stocks-rally-following-blowout-results-from-micron,2025-12-18 14:15:00-05:00
2025-12-19,NVDA,US reviews Nvidia chip sales as Trump reverses policy,https://rollingout.com/2025/12/19/us-reviews-nvidia-chip-sales/,2025-12-19 12:15:00-05:00
2025-12-19,NVDA,"Acer Nitro 60 N60-640-UR26 Desktop, Intel Core i7-14700F 20-Core Processor (Up to 5.4 GHz), NVIDIA GeForce RTX 5060 Ti Graphics(791 AI TOPS), 32 GB DDR5 Memory, 2 TB PCIe 4.0 NVMe SSD, Windows 11 Home",https://www.newegg.com/acer-gaming-desktop-pc-geforce-rtx-5060-ti-intel-core-i7-14700f-32gb-ddr5-2tb-ssd-n60-640-ur26/p/N82E16883101932?Item=N82E16883101932&cm_sp=Homepage_SS-_-P3_83-101-932-_-12192025,2025-12-19 12:15:00-05:00
2025-12-19,NVDA,GIGABYTE WindForce GeForce RTX 5070 Ti Graphics Card GV-N507TWF3-16G,https://www.newegg.com/gigabyte-windforce-gv-n507twf3-16gd-geforce-rtx-5070-ti-16gb-graphics-card-triple-fans/p/N82E16814932781?Item=N82E16814932781&cm_sp=Homepage_SS-_-P1_14-932-781-_-12192025,2025-12-19 12:15:00-05:00
2025-12-19,NVDA,Nvidia-Intel deal cleared by US antitrust agencies,https://www.marketscreener.com/news/nvidia-intel-deal-cleared-by-us-antitrust-agencies-ce7d50ddde8df625,2025-12-19 12:30:00-05:00
2025-12-19,NVDA,FinancialContent - The Santa Claus Rally of 2025: AI Titans Oracle and Nvidia Lead Market Rebound,https://markets.financialcontent.com/stocks/article/marketminute-2025-12-19-the-santa-claus-rally-of-2025-ai-titans-oracle-and-nvidia-lead-market-rebound,2025-12-19 12:30:00-05:00
2025-12-19,NVDA,FinancialContent - The Five-Trillion Dollar Engine: Nvidia Anchors the 2025 Tech Rally as the Rubin Era Beckons,https://markets.financialcontent.com/stocks/article/marketminute-2025-12-19-the-five-trillion-dollar-engine-nvidia-anchors-the-2025-tech-rally-as-the-rubin-era-beckons,2025-12-19 12:30:00-05:00
2025-12-19,NVDA,US launches review of advanced Nvidia AI chip sales to China,https://www.manilatimes.net/2025/12/20/business/foreign-business/us-launches-review-of-advanced-nvidia-ai-chip-sales-to-china/2247203,2025-12-19 12:30:00-05:00
2025-12-19,NVDA,FinancialContent - Why Nvidia (NVDA) Stock Is Trading Up Today,https://markets.financialcontent.com/stocks/article/stockstory-2025-12-19-why-nvidia-nvda-stock-is-trading-up-today,2025-12-19 12:45:00-05:00
2025-12-19,NVDA,The 10 Biggest Nvidia News Stories Of 2025,https://www.crn.com/news/ai/2025/the-10-biggest-nvidia-news-stories-of-2025,2025-12-19 15:00:00-05:00
2025-12-19,NVDA,"Nvidia discount to chip index at historic levels, Bernstein says",https://www.moneycontrol.com/news/business/markets/nvidia-discount-to-chip-index-at-historic-levels-bernstein-says-13734688.html,2025-12-19 13:00:00-05:00
2025-12-19,NVDA,"Nvidia stock gains on Trump chip export review, sparking rally in chipmakers",https://finance.yahoo.com/news/nvidia-stock-gains-on-trump-chip-export-review-sparking-rally-in-chipmakers-160401242.html,2025-12-19 13:00:00-05:00
2025-12-19,NVDA,$1000 Invested In RTX 5 Years Ago Would Be Worth This Much Today - RTX (NYSE:RTX),https://www.benzinga.com/insights/news/25/12/49512360/1000-invested-in-rtx-5-years-ago-would-be-worth-this-much-today,2025-12-19 13:00:00-05:00
2025-12-19,NVDA,"Nasdaq climbs again today on AI rebound: Nasdaq rises again today: Nasdaq jumps more than 1% as AI stocks rebound; Oracle, Nvidia and Micron lead market rally",https://economictimes.indiatimes.com/news/international/us/nasdaq-rises-again-today-nasdaq-jumps-more-than-1-as-ai-stocks-rebound-oracle-nvidia-and-micron-lead-market-rally/articleshow/126081466.cms,2025-12-19 13:15:00-05:00
2025-12-19,NVDA,'The rocket ship keeps going off': inside the Nvidia phenomenon with author Stephen Witt,https://fortune.com/2025/12/19/nvidia-jensen-huang-book-thinking-machine-stephen-witt-interview/,2025-12-19 13:30:00-05:00
2025-12-19,NVDA,"Stock market today: Dow, S&P 500, Nasdaq rise as Nvidia, Oracle shine in tech revival",https://finance.yahoo.com/news/live/stock-market-today-dow-sp-500-nasdaq-rise-as-nvidia-oracle-shine-in-tech-revival-231719306.html,2025-12-19 14:45:00-05:00
2025-12-19,NVDA,Nvidia (NVDA) Stock Jumps as Trump Administration Begins Review of H200 AI Chip Exports to China,https://wallstreetpit.com/127988-nvidia-nvda-stock-jumps-as-trump-administration-begins-review-of-h200-ai-chip-exports-to-china/,2025-12-19 14:00:00-05:00
2025-12-19,NVDA,Nvidia Stock Climbs On Reports of US Review Of H200 Exports To China - NVIDIA (NASDAQ:NVDA),https://www.benzinga.com/trading-ideas/movers/25/12/49516610/nvidia-stock-climbs-on-reports-of-us-review-of-h200-exports-to-china,2025-12-19 14:00:00-05:00
2025-12-19,NVDA,Montecito Bank & Trust Buys New Holdings in Vertex Pharmaceuticals Incorporated $VRTX,https://www.themarketsdaily.com/2025/12/19/montecito-bank-trust-buys-new-holdings-in-vertex-pharmaceuticals-incorporated-vrtx.html,2025-12-19 06:30:00-05:00
2025-12-19,NVDA,"Nvidia's (NVDA) Long-Term AI Leadership Intact, Says Bernstein",https://www.insidermonkey.com/blog/nvidias-nvda-long-term-ai-leadership-intact-says-bernstein-1662041/,2025-12-19 06:45:00-05:00
2025-12-19,NVDA,Nvidia doubles down on open-source AI with new Nemotron 3 models,https://indianexpress.com/article/technology/artificial-intelligence/nvidia-new-nemotron-3-models-open-source-ai-10428964/,2025-12-19 07:15:00-05:00
2025-12-19,NVDA,Why This AI Stock Could Outperform Nvidia Over the Next 5 Years,https://www.fool.com/investing/2025/12/19/why-this-ai-stock-could-outperform-nvidia-over-the/?source=iedfolrf0000001,2025-12-19 08:00:00-05:00
2025-12-19,NVDA,"Nvidia internal memo: Major US bank looking for Amazon cloud alternative, AWS responds",https://timesofindia.indiatimes.com/technology/tech-news/nvidia-internal-memo-major-us-bank-looking-for-amazon-cloud-alternative-aws-responds/articleshow/126077829.cms,2025-12-19 08:15:00-05:00
2025-12-19,NVDA,U.S. Capital Wealth Advisors LLC Has $31.91 Million Stake in RTX Corporation $RTX,https://www.themarketsdaily.com/2025/12/19/u-s-capital-wealth-advisors-llc-has-31-91-million-stake-in-rtx-corporation-rtx.html,2025-12-19 08:15:00-05:00
2025-12-19,NVDA,Insider Alert: NVIDIA Board Member Offloads Millions in Stock After Decades,https://finance.yahoo.com/news/insider-alert-nvidia-board-member-130026125.html,2025-12-19 08:30:00-05:00
2025-12-19,NVDA,Today's Cache | TikTok signs deal to sell U.S. unit; U.S. reviews Nvidia AI chip sales to China; Austria rules against Meta,https://www.thehindu.com/newsletter/newsletter-today-cache/todays-cache-tiktok-signs-deal-to-sell-us-unit-us-reviews-nvidia-ai-chip-sales-to-china-austria-rules-against-meta/article70415077.ece,2025-12-19 06:00:00-05:00
2025-12-19,NVDA,ASUS marks 30 years of GPU dominance with the insane ROG Matrix GeForce RTX 5090,https://techau.com.au/asus-marks-30-years-of-gpu-dominance-with-the-insane-rog-matrix-geforce-rtx-5090/,2025-12-19 06:15:00-05:00
2025-12-19,NVDA,Trump administration makes way for Nvidia's advanced AI chips' sale to China: Report &#x2013; Firstpost,https://www.firstpost.com/world/trump-administration-makes-way-for-nvidias-advanced-ai-chips-sale-to-china-report-13961301.html,2025-12-19 06:15:00-05:00
2025-12-19,NVDA,US scrutinizes Nvidia H200 chip exports to China as risks mount,https://www.digitimes.com/news/a20251219VL212/nvidia-exports-chips-performance-huawei.html,2025-12-19 06:15:00-05:00
2025-12-19,NVDA,"Nvidia's (NVDA) AI Dominance Faces Headwinds from Project Volatility, Gaming Cycles, and Power Concerns",https://finance.yahoo.com/news/nvidia-nvda-ai-dominance-faces-053732366.html,2025-12-19 07:30:00-05:00
2025-12-19,NVDA,US launches review of Nvidia AI chip sales to China,https://news.az/news/us-launches-review-of-nvidia-ai-chip-sales-to-china,2025-12-19 07:30:00-05:00
2025-12-19,NVDA,NVIDIA Corporation $NVDA Shares Purchased by Grove Bank & Trust,https://www.themarketsdaily.com/2025/12/19/nvidia-corporation-nvda-shares-purchased-by-grove-bank-trust.html,2025-12-19 07:30:00-05:00
2025-12-19,NVDA,NVIDIA RTX 50 Series Shortage: AI Spikes GPU Prices,https://respawn.outlookindia.com/gaming/gaming-news/nvidia-rtx-50-series-shortage-ai-forces-production-cuts,2025-12-19 07:45:00-05:00
2025-12-19,NVDA,US reportedly launches review of advanced Nvidia AI chip sales to China,https://www.businesstimes.com.sg/international/global/us-reportedly-launches-review-advanced-nvidia-ai-chip-sales-china,2025-12-19 05:30:00-05:00
2025-12-19,NVDA,Nvidia Memo: Capital One Explores AWS Alternatives to AI Control Costs,https://www.businessinsider.com/nvidia-memo-capital-one-explores-aws-alternatives-ai-control-costs-2025-12,2025-12-19 05:45:00-05:00
2025-12-19,NVDA,Buyer guide: TVS Apache RTX 300 waiting period explained,https://www.livemint.com/auto-news/buyer-guide-tvs-apache-rtx-300-waiting-period-explained-11766126894919.html,2025-12-19 05:45:00-05:00
2025-12-20,NVDA,Did Nvidia Just Lose Its Spot as Wall Street's AI Chip Darling? JPMorgan Says This 'Overall Top Pick' Is Better.,https://finance.yahoo.com/news/did-nvidia-just-lose-spot-140002783.html,2025-12-20 13:15:00-05:00
2025-12-20,NVDA,Prediction: This Company Is All Set to Hit a $5 Trillion Market Cap in 2026 (Hint: It's Not Nvidia),https://www.fool.com/investing/2025/12/20/predict-microsoft-all-set-to-hit-5-trillion-cap/?source=iedfolrf0000001,2025-12-20 13:45:00-05:00
2025-12-20,NVDA,NVIDIA (NASDAQ:NVDA) Trading 1.9% Higher   &#x2013; Should You Buy?,https://www.tickerreport.com/banking-finance/13297609/nvidia-nasdaqnvda-trading-1-9-higher-should-you-buy.html,2025-12-20 14:15:00-05:00
2025-12-18,NVDA,"Google Partners with Meta to Challenge Nvidia's AI Chip Dominance, ETTelecom",https://telecom.economictimes.indiatimes.com/news/internet/google-partners-with-meta-to-challenge-nvidias-ai-chip-dominance/126052620,2025-12-18 03:30:00-05:00
2025-12-18,NVDA,MSI Gaming Desktop PC Aegis Z2 C8NVP-1656US AMD Ryzen 7 8700F 32GB DDR5 1TB NVMe SSD GeForce RTX 5070 Windows 11 Home,https://www.newegg.com/msi-gaming-desktop-pc-geforce-rtx-5070-amd-ryzen-7-8700f-32gb-ddr5-1tb-nvme-ssd-aegis-z2-c8nvp-1656us/p/N82E16883151782?Item=N82E16883151782&cm_sp=Homepage_SS-_-P2_83-151-782-_-12182025,2025-12-18 03:30:00-05:00
2025-12-18,NVDA,"Korea to Deploy 10,000 Nvidia Chips to SMEs and Universities in AI Push",http://koreabizwire.com/korea-to-deploy-10000-nvidia-chips-to-smes-and-universities-in-ai-push/340427,2025-12-18 04:30:00-05:00
2025-12-18,NVDA,Nvidia Unveils Plans for Campus in Northern Israel,https://themedialine.org/headlines/nvidia-unveils-plans-for-campus-in-northern-israel/,2025-12-18 04:30:00-05:00
2025-12-18,NVDA,CoLab joins Nvidia Inception to speed AI adoption in engineering,https://finance.yahoo.com/news/colab-joins-nvidia-inception-speed-085119486.html,2025-12-18 04:30:00-05:00
2025-12-18,NVDA,"Nvidia CEO Jensen Huang: I am not ambitious, I just want to&#x2026;",https://timesofindia.indiatimes.com/technology/tech-news/nvidia-ceo-jensen-huang-i-am-not-ambitious-i-just-want-to/articleshow/126054715.cms,2025-12-18 04:45:00-05:00
2025-12-18,NVDA,DeepSeek: suspicions of Nvidia Blackwell chip smuggling to train Chinese AI,https://myhostnews.com/deepseek-suspicions-of-nvidia-blackwell-chip-smuggling-to-train-chinese-ai/,2025-12-18 05:00:00-05:00
2025-12-18,NVDA,Think It's Too Late to Buy Nvidia Stock? Here's the 1 Reason Why There's Still Time.,https://finance.yahoo.com/news/think-too-buy-nvidia-stock-213500502.html,2025-12-18 05:00:00-05:00
2025-12-18,NVDA,JPMorgan Says to Sell NVDA March $160 Puts. Should You Actually?,https://finance.yahoo.com/news/jpmorgan-says-sell-nvda-march-191309473.html,2025-12-18 02:00:00-05:00
2025-12-18,NVDA,Fortinet brings AI data centre security to NVIDIA DPUs,https://channellife.co.nz/story/fortinet-brings-ai-data-centre-security-to-nvidia-dpus,2025-12-18 02:15:00-05:00
2025-12-18,NVDA,UBS Asserts Buy Stance on NVIDIA Corporation (NVDA) Despite China H200 Chips Demand Concerns,https://www.insidermonkey.com/blog/ubs-asserts-buy-stance-on-nvidia-corporation-nvda-despite-china-h200-chips-demand-concerns-1660658/,2025-12-18 02:15:00-05:00
2025-12-18,NVDA,NVIDIA (NVDA) Evaluates Adding Production Capacity for Powerful H200 AI Chips,https://www.insidermonkey.com/blog/nvidia-nvda-evaluates-adding-production-capacity-for-powerful-h200-ai-chips-1660984/,2025-12-18 02:15:00-05:00
2025-12-18,NVDA,Bitcoin To Be Less Volatile Than Nvidia In 2026: Bitwise,https://cointelegraph.com/news/bitcoin-less-volatile-nvidia-in-2025-as-its-investor-base-diversified-bitwise,2025-12-18 03:45:00-05:00
2025-12-18,NVDA,China's AMD- and Nvidia-bred GPU rivals meet on the IPO stage,https://www.digitimes.com/news/a20251218PD224/gpu-ipo-nvidia-demand-amd.html,2025-12-18 04:00:00-05:00
2025-12-20,NVDA,Will Nvidia Stock Crash in 2026? | The Motley Fool,https://www.fool.com/investing/2025/12/19/will-nvidia-stock-crash-in-2026/,2025-12-19 23:30:00-05:00
2025-12-20,NVDA,Baystreet.ca - U.S. To Review Nvidia's A.I. Chip Sales To China,http://baystreet.ca/articles/techinsider/117297/US-To-Review-Nvidias-AI-Chip-Sales-To-China,2025-12-20 00:30:00-05:00
2025-12-20,NVDA,Nvidia-Intel deal cleared by U.S. antitrust agencies,https://www.thehindu.com/sci-tech/technology/nvidia-intel-deal-cleared-by-us-antitrust-agencies/article70418558.ece,2025-12-20 00:45:00-05:00
2025-12-21,NVDA,RTX 5060 Ti 16 GB Rumored To Be At Risk Of Discontinuation Due To Increasing VRAM Prices,https://wccftech.com/rtx-5060-ti-16-gb-rumored-to-be-at-risk-of-discontinuation-due-to-increasing-vram-prices/,2025-12-20 17:15:00-05:00
2025-12-21,NVDA,Arch Linux's Main NVIDIA Driver Packages Now Using The Open Kernel Modules,https://www.phoronix.com/news/Arch-LInux-NVIDIA-Open-Default,2025-12-20 18:00:00-05:00
2025-12-21,NVDA,Is Nvidia Stock a Buy in 2026? | The Motley Fool,https://www.fool.com/investing/2025/12/20/is-nvidia-stock-a-buy-in-2026/?source=iedfolrf0000001,2025-12-20 17:45:00-05:00
2025-12-21,NVDA,"Should You Buy Nvidia Before Jan. 6, 2026?",https://www.fool.com/investing/2025/12/20/should-you-buy-nvidia-before-jan-6-2026/,2025-12-20 18:45:00-05:00
2025-12-21,NVDA,Direxion Daily NVDA Bear 1X Shares (NASDAQ:NVDD) Trading Down 1.9%  &#x2013; Should You Sell?,https://www.dailypolitical.com/2025/12/20/direxion-daily-nvda-bear-1x-shares-nasdaqnvdd-trading-down-1-9-should-you-sell.html,2025-12-20 17:00:00-05:00
2025-12-21,NVDA,Is Nvidia Stock a Buy in 2026?,https://finance.yahoo.com/news/nvidia-stock-buy-2026-213500784.html,2025-12-20 17:00:00-05:00
2025-12-20,NVDA,NVIDIA (NASDAQ:NVDA) Trading Up 3.9% Following Analyst Upgrade,https://www.themarketsdaily.com/2025/12/19/nvidia-nasdaqnvda-trading-up-3-9-following-analyst-upgrade.html,2025-12-19 17:15:00-05:00
2025-12-20,NVDA,FinancialContent - The AI Second Wind: Nvidia and Oracle Ignite Year-End Rally as 'Infrastructure Economics' Replace Bubble Fears,https://markets.financialcontent.com/stocks/article/marketminute-2025-12-19-the-ai-second-wind-nvidia-and-oracle-ignite-year-end-rally-as-infrastructure-economics-replace-bubble-fears,2025-12-19 17:30:00-05:00
2025-12-19,NVDA,"Canada's quantum dark horse, DoorDash gets Zesty, and Queen's Nvidia recruit",https://betakit.com/canadas-quantum-dark-horse-doordash-gets-zesty-and-queens-nvidia-recruit/,2025-12-19 15:30:00-05:00
2025-12-19,NVDA,NVIDIA CORP : Bernstein gives a Buy rating,https://www.marketscreener.com/news/nvidia-corp-bernstein-gives-a-buy-rating-ce7d50ddd188f223,2025-12-19 15:30:00-05:00
2025-12-19,NVDA,Here's How Much You Would Have Made Owning NVIDIA Stock In The Last 10 Years - NVIDIA (NASDAQ:NVDA),https://www.benzinga.com/insights/news/25/12/49509712/heres-how-much-you-would-have-made-owning-nvidia-stock-in-the-last-10-years,2025-12-19 15:45:00-05:00
2025-12-19,NVDA,Will Nvidia Stock Crash in 2026? | The Motley Fool,https://www.fool.com/investing/2025/12/19/will-nvidia-stock-crash-in-2026/?source=iedfolrf0000001,2025-12-19 15:45:00-05:00
2025-12-20,NVDA,FinancialContent - Nvidia at the Crossroads: Why the $4 Trillion Giant's Recent Rally May Still Have Room to Run,https://markets.financialcontent.com/stocks/article/marketminute-2025-12-19-nvidia-at-the-crossroads-why-the-4-trillion-giants-recent-rally-may-still-have-room-to-run,2025-12-19 18:00:00-05:00
2025-12-20,NVDA,"Nasdaq charges higher on tech rally driven by Oracle, Nvidia",https://www.proactiveinvestors.com/companies/news/1084743/nasdaq-charges-higher-on-tech-rally-driven-by-oracle-nvidia-1084743.html,2025-12-19 18:00:00-05:00
2025-12-20,NVDA,Forget Nvidia and Broadcom. This Forgotten Retail Stock Is a Top Performer in 2025.,https://finance.yahoo.com/news/forget-nvidia-broadcom-forgotten-retail-162619761.html,2025-12-19 18:30:00-05:00
2025-12-20,NVDA,"Jim Cramer Says NVIDIA ""Will Get Plenty of Business""",https://www.insidermonkey.com/blog/jim-cramer-says-nvidia-will-get-plenty-of-business-1662519/,2025-12-19 16:15:00-05:00
2025-12-20,NVDA,Alibaba Group (BABA) Has Shown Interest to Buy H200 Chips From NVDA,https://www.insidermonkey.com/blog/alibaba-group-baba-has-shown-interest-to-buy-h200-chips-from-nvda-1662768/,2025-12-19 16:15:00-05:00
2025-12-20,NVDA,"Stock market today: Dow, S&P 500, Nasdaq rise as Oracle, Nvidia lead AI trade resurgence",https://finance.yahoo.com/news/live/stock-market-today-dow-sp-500-nasdaq-rise-as-oracle-nvidia-lead-ai-trade-resurgence-210423219.html,2025-12-19 16:30:00-05:00
2025-12-20,NVDA,"As Nvidia Launches New Nemotron 3 Models, Should You Buy, Sell, or Hold NVDA Stock?",https://finance.yahoo.com/news/nvidia-launches-nemotron-3-models-134643859.html,2025-12-19 16:30:00-05:00
2025-12-20,NVDA,"Before the Bell: Nvidia, Oracle rally as trillions in options set to expire",https://www.afr.com/markets/equity-markets/nvidia-oracle-rally-as-trillions-in-options-set-to-expire-20251220-p5np5t,2025-12-19 16:30:00-05:00
2025-12-20,NVDA,FTC clears $5 billion Nvidia-Intel deal despite antitrust concerns,https://www.washingtonexaminer.com/policy/technology/4074439/federal-trade-commission-clears-5-billion-dollar-nvidia-intel-deal-despite-antitrust-concerns/,2025-12-19 16:45:00-05:00
2025-12-20,NVDA,How to Enable Resizable BAR for Better Gaming Performance on NVIDIA GPUs,https://wccftech.com/how-to-enable-resizable-bar-for-better-gaming-performance-on-nvidia-gpus/,2025-12-19 16:45:00-05:00
2025-12-18,NVDA,"Why S&P 500 Nasdaq Dow down today: Stock market today: Why S&P 500, Nasdaq, Dow dropped - AI stocks crash hit Oracle, Nvidia, AMD, Broadcom, Alphabet",https://economictimes.indiatimes.com/news/international/us/stock-market-today-why-sp-500-nasdaq-dow-dropped-ai-stocks-crash-hit-oracle-nvidia-amd-broadcom-alphabet/articleshow/126047893.cms,2025-12-17 19:15:00-05:00
2025-12-18,NVDA,Nvidia Stock: An Early Christmas Gift For Investors (Rating Upgrade) (NASDAQ:NVDA),https://seekingalpha.com/article/4854183-nvidia-stock-an-early-christmas-gift-for-investors-rating-upgrade,2025-12-17 19:15:00-05:00
2025-12-18,NVDA,NVIDIA cuts GPU output amid AI RAM crunch,https://www.windowscentral.com/hardware/nvidia/nvidia-gpu-production-cut-2026-ai-ram-shortage,2025-12-17 20:30:00-05:00
2025-12-18,NVDA,"After Mark Zuckerberg, Sam Altman looks for Nvidia alternative, and new chip supplier for OpenAI could be&#x2026;",https://timesofindia.indiatimes.com/technology/tech-news/after-mark-zuckerberg-sam-altman-looks-for-nvidia-alternative-and-new-chip-supplier-for-openai-could-be/articleshow/126036874.cms,2025-12-17 20:30:00-05:00
2025-12-18,NVDA,Nvidia director Harvey Jones sells $44 million in shares held for over three decades,https://www.thestar.com.my/tech/tech-news/2025/12/18/nvidia-director-harvey-jones-sells-44-million-in-shares-held-for-over-three-decades,2025-12-17 20:45:00-05:00
2025-12-18,NVDA,The Best GeForce RTX 5070 Graphics Card Deals Are Currently Below MSRP,https://www.ign.com/articles/geforce-rtx-5070-graphics-card-deal-christmas-sale,2025-12-17 21:00:00-05:00
2025-12-18,NVDA,Exclusive-Google works to erode Nvidia's software advantage with Meta's help,https://www.channelnewsasia.com/business/exclusive-google-works-erode-nvidias-software-advantage-metas-help-5623881,2025-12-17 20:15:00-05:00
2025-12-18,NVDA,MetaX and Moore Threads are latest Chinese rivals to Nvidia's AI chips,https://www.cnbc.com/2025/12/17/metax-moore-threads-chinese-rivals-nvidia-ai-chips.html,2025-12-17 22:00:00-05:00
2025-12-18,NVDA,Nvidia Vs. Alphabet: Which Could Be The World's Biggest Company By End-2026?,https://finance.yahoo.com/news/nvidia-vs-alphabet-could-worlds-023038983.html,2025-12-17 22:15:00-05:00
2025-12-20,MSFT,LG Will Let You Delete Microsoft Copilot App on Smart TVs Following Backlash,http://www.hngn.com/articles/269125/20251218/lg-will-let-you-delete-microsoft-copilot-app-smart-tvs-following-backlash.htm,2025-12-19 21:30:00-05:00
2025-12-20,MSFT,"Microsoft's The Top Brand Scammers Use When Phishing For Clicks, Study Shows",https://www.slashgear.com/2052942/microsoft-top-brand-for-phishing-scams-study-shows/,2025-12-19 20:00:00-05:00
2025-12-20,MSFT,Unannounced Microsoft Copilot Shortcut on LG Smart TVs Sparks User Frustration,https://techstory.in/unannounced-microsoft-copilot-shortcut-on-lg-smart-tvs-sparks-user-frustration/,2025-12-19 19:30:00-05:00
2025-12-20,MSFT,"Microsoft 365 Cyberattack Foiled: Nigeria Police Arrest 'RaccoonO365' Phishing Kingpin, Partners FBI, Microsoft",https://www.tell.ng/microsoft-365-cyberattack-foiled-nigeria-police-arrest-raccoono365-phishing-kingpin-partners-fbi-microsoft/,2025-12-19 22:15:00-05:00
2025-12-19,MSFT,"Amazon, Google, Microsoft partner with US Energy Department to drive innovations through 'Genesis Mission'",https://seekingalpha.com/news/4533117-amazon-google-microsoft-partner-with-us-energy-department-to-drive-innovations-through-genesis-mission,2025-12-18 16:45:00-05:00
2025-12-19,MSFT,Microsoft seeks rezoning approval for new data center in Gaines Township,https://wwmt.com/news/local/data-center-microsoft-rezoning-approval-new-data-center-gaines-township-kent-county-electricity-artificial-intelligence-patterson-avenue,2025-12-18 17:00:00-05:00
2025-12-19,MSFT,GitHub - microsoft/TRELLIS.2: Native and Compact Structured Latents for 3D Generation,https://github.com/microsoft/TRELLIS.2,2025-12-18 17:15:00-05:00
2025-12-19,MSFT,"Oh, the Irony: Microsoft's Push for Copilot+ PCs Could Stall Laptop Sales",https://gizmodo.com/microsofts-push-for-copilot-plus-pcs-could-stall-laptop-sales-2000701505,2025-12-18 17:45:00-05:00
2025-12-19,MSFT,FinancialContent - Dow Jones Surges as Inflation Relief Ignites Year-End Rally; Goldman Sachs and Microsoft Lead the Charge,https://markets.financialcontent.com/stocks/article/marketminute-2025-12-18-dow-jones-surges-as-inflation-relief-ignites-year-end-rally-goldman-sachs-and-microsoft-lead-the-charge,2025-12-18 17:45:00-05:00
2025-12-19,MSFT,Microsoft (NASDAQ:MSFT) Shares Up 1.7%  &#x2013; What's Next?,https://www.tickerreport.com/banking-finance/13295763/microsoft-nasdaqmsft-shares-up-1-7-whats-next.html,2025-12-18 18:45:00-05:00
2025-12-18,MSFT,"Microsoft's Bill Gates points out a grim reality about AI bubble, says 'only a fraction will&#x2026;'",https://economictimes.indiatimes.com/news/new-updates/microsofts-bill-gates-points-out-a-grim-reality-about-ai-bubble-says-only-a-fraction-will/articleshow/126056145.cms,2025-12-18 06:00:00-05:00
2025-12-18,MSFT,"Microsoft (NASDAQ:MSFT) Stock Acquired Rep. Gilbert Ray Cisneros, Jr.",https://www.themarketsdaily.com/2025/12/18/microsoft-nasdaqmsft-stock-acquired-rep-gilbert-ray-cisneros-jr.html,2025-12-18 06:30:00-05:00
2025-12-18,MSFT,Police Arrest Suspected Hackers Of Microsoft Database,https://dailytrust.com/police-arrest-suspected-hackers-of-microsoft-database/,2025-12-18 08:30:00-05:00
2025-12-18,MSFT,Microsoft Pullback Seen as Buying Opportunity After Recent Sell-Off,https://finance.yahoo.com/news/microsoft-pullback-seen-buying-opportunity-130135082.html,2025-12-18 08:30:00-05:00
2025-12-18,MSFT,Microsoft Corporation $MSFT is Jacobs & Co. CA's 3rd Largest Position,https://www.themarketsdaily.com/2025/12/18/microsoft-corporation-msft-is-jacobs-co-cas-3rd-largest-position.html,2025-12-18 07:15:00-05:00
2025-12-18,MSFT,Iberdrola and Microsoft deepen collaboration on energy and artificial intelligence projects,https://thecorner.eu/companies/iberdrola-and-microsoft-deepen-collaboration-on-energy-and-artificial-intelligence-projects/123427/,2025-12-18 07:30:00-05:00
2025-12-18,MSFT,React2Shell: Microsoft counts hundreds of hacked machines,https://www.theregister.com/2025/12/18/react2shell_exploitation_spreads_as_microsoft/,2025-12-18 07:45:00-05:00
2025-12-18,MSFT,Microsoft dusts off old tricks to scare users off Chrome,https://www.fudzilla.com/news/62242-microsoft-dusts-off-old-tricks-to-scare-users-off-chrome,2025-12-18 05:30:00-05:00
2025-12-18,MSFT,What's next for Azure infrastructure,https://www.infoworld.com/article/4108044/whats-next-for-azure-infrastructure.html,2025-12-18 05:30:00-05:00
2025-12-18,MSFT,Microsoft AI chief Mustafa Suleyman warns AI race will cost hundreds of billions over the next decade,https://www.digit.in/news/general/microsoft-ai-chief-mustafa-suleyman-warns-ai-race-will-cost-hundreds-of-billions-over-the-next-decade.html,2025-12-18 05:45:00-05:00
2025-12-18,MSFT,Elon Musk says Microsoft founder Bill Gates may have been $10 billion richer if he &#x2026;,https://timesofindia.indiatimes.com/technology/tech-news/elon-musk-says-microsoft-founder-bill-gates-may-have-been-10-billion-richer-if-he-/articleshow/126056791.cms,2025-12-18 06:45:00-05:00
2025-12-18,MSFT,"MRVL, AMZN and MSFT: Breaking Down the Wall Street Controversy",https://finance.yahoo.com/news/mrvl-amzn-msft-breaking-down-234100697.html,2025-12-18 07:00:00-05:00
2025-12-20,MSFT,Microsoft Launches Data Centre Skilling Programme in Hyderabad,https://www.deccanchronicle.com/southern-states/telangana/microsoft-launches-data-centre-skilling-programme-in-hyderabad-1925245,2025-12-20 10:30:00-05:00
2025-12-20,MSFT,Satya Nadella tells Microsoft's top leaders to commit to AI or&#x2026;,https://www.moneycontrol.com/technology/satya-nadella-tells-microsoft-s-top-leaders-to-commit-to-ai-or-article-13735229.html,2025-12-20 10:45:00-05:00
2025-12-20,MSFT,I turned Microsoft Edge into a privacy fortress with 4 settings,https://www.makeuseof.com/change-these-microsoft-edge-privacy-settings/,2025-12-20 11:00:00-05:00
2025-12-19,MSFT,Gaines Township hearing on Microsoft rezoning for data center postponed | Newsradio WOOD 1300 and 106.9 FM,https://woodradio.iheart.com/featured/wood-radio-local-news/content/2025-12-18-gaines-township-hearing-on-microsoft-rezoning-for-data-center-postponed/,2025-12-19 02:30:00-05:00
2025-12-19,MSFT,New Microsoft report reveals AI is becoming a digital confidant,https://www.businesstoday.in/technology/news/story/new-microsoft-report-reveals-ai-is-becoming-a-digital-confidant-507373-2025-12-19,2025-12-19 02:30:00-05:00
2025-12-19,MSFT,Microsoft data center proposal draws hundreds to Gaines Township meeting,https://www.fox17online.com/news/local-news/gaines-township-postpones-commission-meeting-due-to-overflow-crowd-concerned-about-microsoft-data-center,2025-12-19 02:45:00-05:00
2025-12-19,MSFT,Microsoft AI chief warns frontier AI will cost hundreds of billions to keep up,https://www.digit.in/news/general/microsoft-ai-chief-warns-frontier-ai-will-cost-hundreds-of-billions-to-keep-up.html,2025-12-19 03:00:00-05:00
2025-12-19,MSFT,"Epstein Latest Photos Go Viral: Microsoft's Bill Gates Seen With Several Girls, Google's Sergey Brin Visited Estate As Well",https://www.freepressjournal.in/tech/epstein-latest-photos-go-viral-microsofts-bill-gates-seen-with-several-girls-googles-sergey-brin-visited-estate-as-well,2025-12-19 02:00:00-05:00
2025-12-19,MSFT,Police arrest fraud suspects over 365 targeted cyberattacks against Microsoft,https://www.nationalaccordnewspaper.com/police-arrest-suspect-over-365-targeted-cyberattacks-against-microsoft/,2025-12-19 02:15:00-05:00
2025-12-19,MSFT,Nigerian man in Police net over global Microsoft 365 cyber attack,https://promptnewsonline.com/nigerian-man-in-police-net-over-global-microsoft-365-cyber-attack/,2025-12-19 03:15:00-05:00
2025-12-19,MSFT,Microsoft's Bill Gates features in new Jeffrey Epstein photos released by US House Democrats: Here's what the images reveal,https://economictimes.indiatimes.com/news/new-updates/microsofts-bill-gates-features-in-new-jeffrey-epstein-photos-released-by-house-democrats-heres-what-the-images-reveal/articleshow/126072277.cms,2025-12-19 03:15:00-05:00
2025-12-19,MSFT,Microsoft Xbox Rejects Any Formal Kick Deal &#x2014; Critics Fear Harmful Content Spread,https://www.ibtimes.co.uk/microsoft-xbox-rejects-any-formal-kick-deal-critics-fear-harmful-content-spread-1764153,2025-12-19 04:30:00-05:00
2025-12-18,MSFT,Microsoft 365 services restored in Japan and China after major regional outage; here's what disrupted services,https://timesofindia.indiatimes.com/technology/tech-news/microsoft-365-services-restored-in-japan-and-china-after-major-regional-outage-heres-what-disrupted-services/articleshow/126051079.cms,2025-12-18 01:00:00-05:00
2025-12-18,MSFT,Should You Buy Microsoft Stock Despite Its Ballooning CapEx?,https://finance.yahoo.com/news/buy-microsoft-stock-despite-ballooning-184129362.html,2025-12-18 01:00:00-05:00
2025-12-19,MSFT,LG will let you delete the previously unremovable Microsoft Copilot shortcut on its smart TVs,https://www.engadget.com/ai/lg-will-let-you-delete-the-previously-unremovable-microsoft-copilot-shortcut-on-its-smart-tvs-215352944.html,2025-12-18 19:00:00-05:00
2025-12-19,MSFT,Microsoft cloud region powers New Zealand's AI growth,https://itbrief.co.nz/story/microsoft-cloud-region-powers-new-zealand-s-ai-growth,2025-12-18 19:30:00-05:00
2025-12-19,MSFT,Cognizant and Microsoft operationalise AI for enterprise frontier firms,https://www.arnnet.com.au/article/4109102/cognizant-and-microsoft-operationalise-ai-for-enterprise-frontier-firms.html,2025-12-18 19:30:00-05:00
2025-12-19,MSFT,On the immortality of Microsoft Word  &#x2013;  OSnews,https://www.osnews.com/story/144046/on-the-immortality-of-microsoft-word/,2025-12-18 20:00:00-05:00
2025-12-19,MSFT,"After years of cyberattacks, Microsoft cripples RC4 and forces networks to adopt stronger encryption immediately",https://www.techradar.com/pro/its-about-time-microsoft-finally-kills-off-encryption-cipher-blamed-for-multiple-cyberattacks-rc4-bites-the-dust-at-last,2025-12-18 20:00:00-05:00
2025-12-19,MSFT,Police nab 2 over microsoft 365 cybercrime attacks - Blueprint Newspapers Limited,https://blueprint.ng/police-nab-2-over-microsoft-365-cybercrime-attacks/,2025-12-18 20:15:00-05:00
2025-12-19,MSFT,Suspect in global Microsoft 365 hack arrested in Nigeria,https://punchng.com/suspect-linked-to-microsoft-365-hack-in-police-net/,2025-12-18 20:45:00-05:00
2025-12-19,MSFT,Nigeria Police Arrest Suspect Over Microsoft Phishing Attacks Targeting Corporate Users,https://www.newsghana.com.gh/nigeria-police-arrest-suspect-over-microsoft-phishing-attacks-targeting-corporate-users/,2025-12-18 22:00:00-05:00
2025-12-19,MSFT,Microsoft's Windows 11 AI Agents Spark Privacy Fears and Security Risks,https://www.webpronews.com/microsofts-windows-11-ai-agents-spark-privacy-fears-and-security-risks/,2025-12-18 22:15:00-05:00
2025-12-19,MSFT,Microsoft CEO Satya Nadella 'warns' company's top leadership: Leave or sign on&#x2026;,https://timesofindia.indiatimes.com/technology/tech-news/microsoft-ceo-satya-nadella-warns-companys-top-leadership-leave-or-sign-on/articleshow/126068828.cms,2025-12-18 23:45:00-05:00
2025-12-19,MSFT,Residents pack meetings to protest Microsoft's potential data center plans,https://www.wzzm13.com/article/news/local/residents-pack-meetings-to-protest-microsofts-data-center-plans/69-2b5987a2-947c-4855-bff5-acd69bd5fa02,2025-12-19 00:15:00-05:00
2025-12-19,MSFT,LG will let TV owners delete Microsoft Copilot after customer outcry,https://www.thestar.com.my/tech/tech-news/2025/12/19/lg-will-let-tv-owners-delete-microsoft-copilot-after-customer-outcry,2025-12-19 00:45:00-05:00
2025-12-19,MSFT,Microsoft AI CEO admits Gemini 'can do things that Copilot can't do',https://www.techradar.com/ai-platforms-assistants/microsoft-ai-ceo-admits-gemini-can-do-things-that-copilot-cant-do,2025-12-19 00:45:00-05:00
2025-12-19,MSFT,"Cognizant, Microsoft Form Multi-Year Partnership to Build AI-Powered Enterprises",https://www.thefastmode.com/technology-solutions/46493-cognizant-microsoft-form-multi-year-partnership-to-build-ai-powered-enterprises,2025-12-18 22:30:00-05:00
2025-12-19,MSFT,Kent County residents halt Microsoft data center plan,https://www.mlive.com/news/grand-rapids/2025/12/kent-county-residents-halt-microsoft-data-center-plan.html,2025-12-18 22:45:00-05:00
2025-12-19,MSFT,"Azure Ray - Every story, every source. Never miss a thing.",https://gigulate.com/artist/Azure-Ray/,2025-12-18 22:45:00-05:00
2025-12-18,MSFT,Man arrested in Nigeria over Microsoft cyberattack,https://punchng.com/police-arrest-man-over-microsoft-cyberattack/,2025-12-18 09:15:00-05:00
2025-12-18,MSFT,Two important words that make Microsoft AI CEO Mustafa Suleyman reject Meta CEO Mark Zuckerberg's 'high-flying pay packages',https://timesofindia.indiatimes.com/technology/tech-news/two-important-words-that-make-microsoft-ai-ceo-mustafa-suleyman-reject-meta-ceo-mark-zuckerbergs-high-flying-pay-packages/articleshow/126059869.cms,2025-12-18 10:15:00-05:00
2025-12-18,MSFT,"How To Trade SPY, QQQ, AAPL, MSFT, NVDA, GOOGL, META, TSLA Using Technical Analysis",https://www.benzinga.com/Opinion/25/12/49479728/how-to-trade-spy-qqq-aapl-msft-nvda-googl-meta-tsla-using-technical-analysis-11,2025-12-18 10:15:00-05:00
2025-12-18,MSFT,Satya Nadella says Microsoft execs must embrace AI,https://www.windowscentral.com/artificial-intelligence/microsoft-copilot/ai-isnt-optional-at-microsoft-but-almost-no-one-is-using-copilot,2025-12-18 10:45:00-05:00
2025-12-18,MSFT,"Microsoft Looks Like a ""Table Pounder"" After Dipping on AI Worries",https://finance.yahoo.com/news/microsoft-looks-table-pounder-dipping-151026910.html,2025-12-18 10:45:00-05:00
2025-12-18,MSFT,Having Windows app issues? Microsoft is making businesses reach out directly to get a fix,https://www.techradar.com/pro/security/having-windows-app-issues-microsoft-is-making-businesses-reach-out-directly-to-get-a-fix,2025-12-18 11:30:00-05:00
2025-12-18,MSFT,Nigerian arrested for Microsoft 365 cyberattack,https://punchng.com/updated-police-arrest-nigerian-over-cyberattack-targeting-microsoft-365-users/,2025-12-18 11:30:00-05:00
2025-12-18,MSFT,Microsoft's holiday Copilot ad is wrapped in empty promises,https://www.theverge.com/report/847056/microsoft-copilot-ai-vision-pc-assistant-christmas-holiday-ad,2025-12-18 11:30:00-05:00
2025-12-18,MSFT,"Who Is Mustafa Suleyman? Microsoft's AI Chief Showers Praises On Sam Altman, Elon Musk As He Vows To Push Superintelligence",https://www.newsx.com/world/who-is-mustafa-suleyman-microsofts-ai-chief-showers-praises-on-sam-altman-elon-musk-as-he-vows-to-push-superintelligence-130498/,2025-12-18 09:30:00-05:00
2025-12-18,MSFT,Cognizant and Microsoft Expand Partnership to Advance AI Transformation and Frontier Firm Experiences,https://www.manilatimes.net/2025/12/18/tmt-newswire/pr-newswire/cognizant-and-microsoft-expand-partnership-to-advance-ai-transformation-and-frontier-firm-experiences/2246310,2025-12-18 09:45:00-05:00
2025-12-18,MSFT,Microsoft trained 4 million Nigerians with tech skills in three years,https://techcabal.com/2025/12/18/what-microsofts-nigeria-skills-programme-achieved/,2025-12-18 11:00:00-05:00
2025-12-18,MSFT,"Apple's 2025 MacBook Air (15"", M4) Drops to Its Lowest Price to Take On Windows Laptops From Microsoft, HP, and More",https://kotaku.com/apples-2025-macbook-air-15-m4-drops-to-its-lowest-price-to-take-on-windows-laptops-from-microsoft-hp-and-more-2000654278,2025-12-18 11:00:00-05:00
2025-12-18,MSFT,"Microsoft Does Final Price Cut of Year on Xbox Controllers, Nearly 50% Off and Makes Sony's Look Overpriced",https://kotaku.com/microsoft-does-final-price-cut-of-year-on-xbox-controllers-nearly-50-off-and-makes-sonys-look-overpriced-2000654527,2025-12-18 11:00:00-05:00
2025-12-18,MSFT,Microsoft Stock Eyes $600 on AI and Cloud Growth,https://www.forbes.com/sites/greatspeculations/2025/12/18/how-microsoft-stock-can-increase--to-600/,2025-12-18 11:00:00-05:00
2025-12-18,MSFT,"7 open-source apps so good, Microsoft should build them into Windows",https://www.makeuseof.com/open-source-tools-microsoft-should-add-to-windows/,2025-12-18 11:15:00-05:00
2025-12-19,MSFT,"How To Trade SPY, QQQ, AAPL, MSFT, NVDA, GOOGL, META, TSLA Using Technical Analysis",https://www.benzinga.com/Opinion/25/12/49508612/how-to-trade-spy-qqq-aapl-msft-nvda-googl-meta-tsla-using-technical-analysis-12,2025-12-19 11:00:00-05:00
2025-12-19,MSFT,Microsoft exec says it'll cost hundreds of billions to win in AI,https://www.windowscentral.com/artificial-intelligence/microsoft-copilot/ai-chief-warns-frontier-ai-could-demand-hundreds-of-billions,2025-12-19 11:15:00-05:00
2025-12-19,MSFT,Microsoft Store recap leaves out major issues,https://www.windowscentral.com/software-apps/theres-no-microsoft-wrapped-this-year-but-there-is-a-recap-microsoft-left-out-all-the-bad-news,2025-12-19 11:15:00-05:00
2025-12-19,MSFT,Halo game pulled from Microsoft Store | Windows Central,https://www.windowscentral.com/gaming/a-forgotten-halo-game-has-been-pulled-from-the-microsoft-store-without-warning-leaving-fans-confused-and-searching-for-answers,2025-12-19 11:15:00-05:00
2025-12-19,MSFT,LG walks back unremovable Microsoft Copilot on TVs [Update],https://mobilesyrup.com/2025/12/16/lg-walks-back-unremovable-microsoft-copilot-tvs/,2025-12-19 11:15:00-05:00
2025-12-19,MSFT,Denmark starts unwinding its reliance on Microsoft,https://thearabianpost.com/denmark-starts-unwinding-its-reliance-on-microsoft/,2025-12-19 10:15:00-05:00
2025-12-19,MSFT,Microsoft Confirms Windows Security Update Breaks VPN Connections,https://www.forbes.com/sites/daveywinder/2025/12/19/microsoft-confirms-windows-11-security-update-breaks-vpn-access/,2025-12-19 10:30:00-05:00
2025-12-19,MSFT,Satya Nadella Says Those Who Don't Embrace AI Within Microsoft Must Leave the Company,https://www.eteknix.com/satya-nadella-says-those-who-dont-embrace-ai-within-microsoft-must-leave-the-company/,2025-12-19 09:30:00-05:00
2025-12-19,MSFT,Microsoft Phases Out RC4 Encryption by 2026 to Bolster Windows Security,https://www.webpronews.com/microsoft-phases-out-rc4-encryption-by-2026-to-bolster-windows-security/,2025-12-19 09:45:00-05:00
2025-12-19,MSFT,LG Will Let You Delete Microsoft Copilot App on Smart TVs Following Backlash,https://www.techtimes.com/articles/313486/20251218/lg-will-let-you-delete-microsoft-copilot-app-smart-tvs-following-backlash.htm,2025-12-19 09:45:00-05:00
2025-12-19,MSFT,Microsoft AI CEO Admits Google's Gemini 3 Excels Over Copilot in Multimodal Tasks,https://www.webpronews.com/microsoft-ai-ceo-admits-googles-gemini-3-excels-over-copilot-in-multimodal-tasks/,2025-12-19 09:45:00-05:00
2025-12-19,MSFT,Microsoft (MSFT) Pledges to Invest $17.5 billion in AI and Cloud Computing in India,https://finance.yahoo.com/news/microsoft-msft-pledges-invest-17-053932811.html,2025-12-19 08:45:00-05:00
2025-12-19,MSFT,"Tomb Raider: Catalyst actor ""really frightened about losing Lara"" after being ""completely blindsided"" by Microsoft's decision to abruptly scrap Perfect Dark reboot",https://www.gamesradar.com/games/fps/tomb-raider-catalyst-actor-really-frightened-about-losing-lara-after-being-completely-blindsided-by-microsofts-decision-to-abruptly-scrap-perfect-dark-reboot/,2025-12-19 08:45:00-05:00
2025-12-20,MSFT,Analysts See 33% Upside To Microsoft Corporation (MSFT),https://www.insidermonkey.com/blog/analysts-see-33-upside-to-microsoft-corporation-msft-1663036/,2025-12-20 07:15:00-05:00
2025-12-20,MSFT,"Kodak Moment: How Apple, Amazon, Meta, Microsoft Missed the AI Boat, Playing Catch-Up",https://www.sify.com/ai-analytics/kodak-moment-how-apple-amazon-meta-microsoft-missed-the-ai-boat-playing-catch-up/,2025-12-20 06:00:00-05:00
2025-12-20,MSFT,Test Confirms Copilot Can't Do What Microsoft's Ad Shows,https://propakistani.pk/2025/12/20/test-confirms-copilot-cant-do-what-microsofts-ad-shows/,2025-12-20 08:15:00-05:00
2025-12-20,MSFT,Sanders Morris Harris LLC Grows Stake in Microsoft Corporation $MSFT,https://www.themarketsdaily.com/2025/12/20/sanders-morris-harris-llc-grows-stake-in-microsoft-corporation-msft.html,2025-12-20 06:45:00-05:00
2025-12-20,MSFT,Microsoft Corporation $MSFT Shares Sold by Sage Capital Advisors llc,https://www.themarketsdaily.com/2025/12/20/microsoft-corporation-msft-shares-sold-by-sage-capital-advisors-llc.html,2025-12-20 06:45:00-05:00
2025-12-20,MSFT,"Graphene Investments SAS Sells 1,200 Shares of Microsoft Corporation $MSFT",https://www.themarketsdaily.com/2025/12/20/graphene-investments-sas-sells-1200-shares-of-microsoft-corporation-msft.html,2025-12-20 06:45:00-05:00
2025-12-20,MSFT,Union Bancaire Privee UBP SA Has $435.07 Million Position in Microsoft Corporation $MSFT,https://www.tickerreport.com/banking-finance/13297412/union-bancaire-privee-ubp-sa-has-435-07-million-position-in-microsoft-corporation-msft.html,2025-12-20 08:30:00-05:00
2025-12-20,MSFT,Microsoft Corporation $MSFT Shares Sold by Union Bancaire Privee UBP SA,https://www.dailypolitical.com/2025/12/20/microsoft-corporation-msft-shares-sold-by-union-bancaire-privee-ubp-sa.html,2025-12-20 08:30:00-05:00
2025-12-18,MSFT,"Microsoft, Google Join US AI Genesis Mission to Advance Scientific Discovery",https://www.bloomberg.com:443/news/articles/2025-12-18/microsoft-google-among-24-firms-joining-us-ai-genesis-mission,2025-12-18 14:30:00-05:00
2025-12-18,MSFT,Engineers Upskill With Interview Kickstart's New Advanced Generative AI Program As AI-Driven Tech Layoffs At Amazon Microsoft Meta Reshape Tech Careers,https://www.manilatimes.net/2025/12/19/tmt-newswire/globenewswire/engineers-upskill-with-interview-kickstarts-new-advanced-generative-ai-program-as-ai-driven-tech-layoffs-at-amazon-microsoft-meta-reshape-tech-careers/2246577,2025-12-18 15:30:00-05:00
2025-12-18,MSFT,"""Imagine if Microsoft did this"" &#x2014; Fortnite has been blocked on iOS once again",https://www.windowscentral.com/gaming/imagine-if-microsoft-did-this-fortnite-has-been-blocked-on-ios-in-japan-specifically-by-apple-leveraging-new-junk-fees,2025-12-18 15:30:00-05:00
2025-12-18,MSFT,Score lifetime access to Microsoft Office for Mac for $50 for a limited time,https://nypost.com/2025/12/18/shopping/never-pay-for-a-microsoft-office-subscription-again-get-all-your-apps-for-77-off/,2025-12-18 15:30:00-05:00
2025-12-18,MSFT,"AWS Transform Drives Microsoft Windows, VMware Migrations Faster With New Innovation",https://www.crn.com/news/cloud/2025/aws-transform-drives-microsoft-windows-vmware-migrations-faster-with-new-innovation,2025-12-18 15:30:00-05:00
2025-12-18,MSFT,Police Arrest Suspect over Microsoft 365 Cyber Attack &#x2013; THISDAYLIVE,https://www.thisdaylive.com/2025/12/18/police-arrest-suspect-over-microsoft-365-cyber-attack/,2025-12-18 15:45:00-05:00
2025-12-18,MSFT,"CEO.CA Technologies Ltd.: CEO.CA's Inside the Boardroom: Nextech3D.AI Gains Netflix, Microsoft, and Google as Clients for 2026",https://www.finanznachrichten.de/nachrichten-2025-12/67270467-ceo-ca-technologies-ltd-ceo-ca-s-inside-the-boardroom-nextech3d-ai-gains-netflix-microsoft-and-google-as-clients-for-2026-296.htm,2025-12-18 12:30:00-05:00
2025-12-18,MSFT,Cognizant and Microsoft expand partnership to co-innovate and deliver AI solutions,https://www.thehindubusinessline.com/info-tech/cognizant-and-microsoft-expand-partnership-to-co-innovate-and-deliver-ai-solutions/article70412423.ece,2025-12-18 12:30:00-05:00
2025-12-18,MSFT,Microsoft Updates Windows 'To Stop Users From Downloading Google Chrome',https://www.forbes.com/sites/zakdoffman/2025/12/18/microsoft-updates-windows-to-stop-users-downloading-google-chrome/,2025-12-18 14:15:00-05:00
2025-12-19,MSFT,"Google, Palo Alto may have struck Google Cloud's largest security services deal ever: Why it is 'worrying' for Amazon, Microsoft",https://timesofindia.indiatimes.com/technology/tech-news/google-palo-alto-may-have-struck-google-clouds-largest-security-services-deal-ever-why-it-is-worrying-for-amazon-microsoft/articleshow/126081095.cms,2025-12-19 12:30:00-05:00
2025-12-19,MSFT,"Hyperscale Data Centers Hit 1,300 With AWS, Google, Microsoft Owning Over Half Of Global Capacity",https://www.crn.com/news/cloud/2025/hyperscale-data-centers-hit-1-300-with-aws-google-microsoft-leading-global-boom,2025-12-19 15:00:00-05:00
2025-12-19,MSFT,"How Amazon, Microsoft and Boeing are helping after WA floods",https://www.columbian.com/news/2025/dec/19/how-amazon-microsoft-and-boeing-are-helping-after-wa-floods/,2025-12-19 15:00:00-05:00
2025-12-19,MSFT,Microsoft Teams down LIVE as Office 365 platform suffers major outage - World News,https://www.mirror.co.uk/news/world-news/microsoft-teams-down-live-office-36431910,2025-12-19 15:15:00-05:00
2025-12-19,MSFT,"LG responds swiftly to user backlash, will allow users to remove Microsoft Copilot link from TVs &#x2014; clarifies service is not an app, future update will include tile removal option from WebOS",https://www.tomshardware.com/monitors/televisions/lg-says-microsoft-copilot-on-webos-tvs-is-a-browser-shortcut-not-a-built-in-app,2025-12-19 13:15:00-05:00
2025-12-19,MSFT,Share of the Week: Microsoft Flight Simulator 2024,https://blog.playstation.com/2025/12/19/share-of-the-week-microsoft-flight-simulator-2024/,2025-12-19 13:30:00-05:00
2025-12-19,MSFT,Microsoft Explains How Duplicate Content Affects AI Search Visibility,https://www.searchenginejournal.com/microsoft-explains-how-duplicate-content-affects-ai-search-visibility/563823/,2025-12-19 14:00:00-05:00
2025-12-19,MSFT,HF Advisory Group LLC Has $6.63 Million Holdings in Microsoft Corporation $MSFT,https://www.themarketsdaily.com/2025/12/19/hf-advisory-group-llc-has-6-63-million-holdings-in-microsoft-corporation-msft.html,2025-12-19 06:30:00-05:00
2025-12-19,MSFT,"AI isn't optional: As Microsoft Copilot falls short, Satya Nadella guns for relevance",https://www.digit.in/features/general/ai-isnt-optional-as-microsoft-copilot-falls-short-satya-nadella-guns-for-relevance.html,2025-12-19 08:00:00-05:00
2025-12-19,MSFT,"Amazon, Google, and Microsoft Join U.S. Energy Department's 'Genesis Mission'",https://finance.yahoo.com/news/amazon-google-microsoft-join-u-125738758.html,2025-12-19 08:30:00-05:00
2025-12-19,MSFT,Microsoft releases emergency patch for Windows 10 to fix Message Queuing problems,https://betanews.com/2025/12/19/microsoft-releases-emergency-patch-for-windows-10-to-fix-message-queuing-problems/,2025-12-19 05:15:00-05:00
2025-12-19,MSFT,Police Apprehend Cyber Fraud Suspect for Microsoft 365 Cyber Attacks &#x2013; THISDAYLIVE,https://www.thisdaylive.com/2025/12/19/police-apprehend-cyber-fraud-suspect-for-microsoft-365-cyber-attacks/,2025-12-19 05:15:00-05:00
2025-12-19,MSFT,"Cognizant, Microsoft agree multi-year partnership for AI integration",https://finance.yahoo.com/news/cognizant-microsoft-agree-multi-partnership-101557964.html,2025-12-19 05:45:00-05:00
2025-12-20,MSFT,"Microsoft (NASDAQ:MSFT) Stock Acquired Rep. Gilbert Ray Cisneros, Jr.",https://www.dailypolitical.com/2025/12/20/microsoft-nasdaqmsft-stock-acquired-rep-gilbert-ray-cisneros-jr.html,2025-12-20 15:00:00-05:00
2025-12-18,MSFT,"Microsoft warns MSMQ may fail after update, breaking apps",https://www.computerworld.com/article/4108289/microsoft-warns-msmq-may-fail-after-update-breaking-apps.html,2025-12-18 03:00:00-05:00
2025-12-18,MSFT,"Before becoming Microsoft CEO, Satya Nadella faced the 'One rejection' Indian students fear most",https://timesofindia.indiatimes.com/technology/tech-news/before-becoming-microsoft-ceo-satya-nadella-faced-the-one-rejection-indian-students-fear-most/articleshow/126053318.cms,2025-12-18 03:15:00-05:00
2025-12-18,MSFT,Reply Recognized as a Microsoft Azure Expert Managed Services Provider for the Sixth Consecutive Year,https://www.finanznachrichten.de/nachrichten-2025-12/67264234-reply-recognized-as-a-microsoft-azure-expert-managed-services-provider-for-the-sixth-consecutive-year-004.htm,2025-12-18 04:30:00-05:00
2025-12-18,MSFT,Microsoft AI CEO: Keeping up With AI Will Cost 'Hundreds of Billions',https://www.businessinsider.com/microsoft-ai-ceo-mustafa-suleyman-cost-hundred-billions-superintelligence-2025-12,2025-12-18 02:15:00-05:00
2025-12-18,MSFT,Is Microsoft Corporation (MSFT) One of Billionaire David Tepper's Top Stock Picks Heading into 2026?,https://www.insidermonkey.com/blog/is-microsoft-corporation-msft-one-of-billionaire-david-teppers-top-stock-picks-heading-into-2026-1660646/,2025-12-18 02:15:00-05:00
2025-12-20,MSFT,Is Microsoft Still Attractive After AI Investment Push and Strong Multi Year Share Gains?,https://finance.yahoo.com/news/microsoft-still-attractive-ai-investment-051706443.html,2025-12-20 01:30:00-05:00
2025-12-20,MSFT,Windows: Microsoft wants to massively improve SSD performance,https://www.heise.de/en/news/Windows-Microsoft-wants-to-massively-improve-SSD-performance-11120304.html,2025-12-20 01:30:00-05:00
2025-12-21,MSFT,Microsoft (NASDAQ:MSFT) Stock Acquired Rep. Cleo Fields,https://www.themarketsdaily.com/2025/12/20/microsoft-nasdaqmsft-stock-acquired-rep-cleo-fields.html,2025-12-20 17:30:00-05:00
2025-12-21,MSFT,"Rep. Gilbert Ray Cisneros, Jr. Purchases Shares of Microsoft Corporation (NASDAQ:MSFT)",https://www.tickerreport.com/banking-finance/13297682/rep-gilbert-ray-cisneros-jr-purchases-shares-of-microsoft-corporation-nasdaqmsft-2.html,2025-12-20 17:45:00-05:00
2025-12-20,MSFT,"Europe's biggest aerospace company Airbus wants to move critical systems away from AWS, Google and Microsoft; 'fear' this American law",https://timesofindia.indiatimes.com/technology/tech-news/europes-biggest-aerospace-company-airbus-wants-to-move-critical-systems-away-from-aws-google-and-microsoft-says-fear-this-american-law/articleshow/126098000.cms,2025-12-20 15:45:00-05:00
2025-12-19,MSFT,Nigeria arrests dev of Microsoft 365 'Raccoon0365' phishing platform,https://www.bleepingcomputer.com/news/security/nigeria-arrests-dev-of-microsoft-365-raccoon0365-phishing-platform/,2025-12-19 15:30:00-05:00
2025-12-20,MSFT,"Seriously, do you actually use Microsoft Copilot?",https://www.windowscentral.com/artificial-intelligence/poll-do-you-actually-use-microsoft-copilot,2025-12-19 16:00:00-05:00
2025-12-20,MSFT,Microsoft launches asset-level ad reviews,https://searchengineland.com/microsoft-launches-asset-level-ad-reviews-466576,2025-12-19 16:15:00-05:00
2025-12-20,MSFT,Russian Hackers Exploit Microsoft 365 OAuth to Bypass MFA in Phishing Attacks,https://www.webpronews.com/russian-hackers-exploit-microsoft-365-oauth-to-bypass-mfa-in-phishing-attacks/,2025-12-19 16:15:00-05:00
2025-12-20,MSFT,Microsoft Bing explains how duplicate content can hurt your visibility in AI Search,https://searchengineland.com/microsoft-bing-explains-how-duplicate-content-can-hurt-your-visibility-in-ai-search-466491,2025-12-19 16:15:00-05:00
2025-12-18,MSFT,ProsperOps Achieves Microsoft Azure IP Co-Sell Status,http://www.tennesseedaily.com/news/278760252/prosperops-achieves-microsoft-azure-ip-co-sell-status,2025-12-17 19:00:00-05:00
2025-12-18,MSFT,Partners looking to drive data service growth are turning to Microsoft Fabric,https://www.arnnet.com.au/article/4107520/partners-looking-to-drive-data-service-growth-are-turning-to-microsoft-fabric.html,2025-12-17 19:30:00-05:00
2025-12-18,MSFT,Partners set on driving data service growth are turning to Microsoft Fabric,https://www.reseller.co.nz/article/4108222/partners-set-on-driving-data-service-growth-are-turning-to-microsoft-fabric.html,2025-12-17 20:45:00-05:00
2025-12-18,MSFT,"SANDOW Design Group Acquires Canadian Design Magazine, Azure",https://interiordesign.net/designwire/sandow-design-group-acquires-canadian-magazine-azure/,2025-12-17 20:15:00-05:00
